actual,predicted
11879.0,11617.086
11823.0,11450.688
11892.0,11391.247
12154.0,11709.399
12912.0,12617.372
14322.999999999998,13747.589
15219.0,14545.731
15174.0,14831.074
14998.000000000002,14824.882
14931.0,14740.455
14727.999999999998,14603.734
14516.0,14438.145
14313.0,14277.232
14107.999999999998,14085.158
13880.0,13890.336
13821.999999999998,13773.084
13766.0,13726.661
14105.0,13838.023
14420.0,14021.15
14277.0,14105.949
13919.0,13722.173
13343.0,12976.989
12639.0,12205.75
12232.0,11699.508
11823.0,11416.212
11892.0,11429.508
12154.0,11747.411
12912.0,12558.494
14322.999999999998,13697.969
15219.0,14499.928
15174.0,14721.529
14998.000000000002,14657.582
14931.0,14569.329
14727.999999999998,14484.176
14516.0,14348.213
14313.0,14207.578
14107.999999999998,14068.938
13880.0,13862.391
13821.999999999998,13703.116
13766.0,13758.473
14105.0,13956.313
14420.0,14173.699
14277.0,14156.682
13919.0,13790.755
13343.0,13032.162
12639.0,12256.373
12232.0,11694.983
11981.0,11405.663
11892.0,11583.018
12154.0,11879.161
12912.0,12728.358
14322.999999999998,13851.066
15219.0,14661.521
15174.0,14839.989
14998.000000000002,14736.927
14931.0,14617.347
14727.999999999998,14464.201
14516.0,14312.556
14313.0,14147.663
14107.999999999998,13992.033
13880.0,13884.977
13821.999999999998,13778.991
13766.0,13719.875
14105.0,13867.126
14420.0,14158.095
14277.0,14238.084
13919.0,13794.427
13343.0,13079.081
12639.0,12345.478
12232.0,11784.885
11981.0,11462.972
11950.0,11373.659
12154.0,12149.103
12912.0,12930.9795
14322.999999999998,14001.141
15219.0,14765.454
15174.0,14973.126
14998.000000000002,14854.682
14931.0,14741.591
14727.999999999998,14584.988
14516.0,14330.972
14313.0,14122.832
14107.999999999998,13957.706
13880.0,13800.622
13821.999999999998,13718.606
13766.0,13744.126
14105.0,13895.66
14420.0,14122.604
14277.0,14212.557
13919.0,13893.863
13343.0,13158.112
12639.0,12423.196
12232.0,11900.89
11981.0,11592.299
11950.0,11454.312
11872.0,11488.193
12912.0,13078.931
14322.999999999998,14044.183
15219.0,14747.911
15174.0,14946.05
14998.000000000002,14868.291
14931.0,14742.816
14727.999999999998,14577.354
14516.0,14325.1455
14313.0,14054.867
14107.999999999998,13838.975
13880.0,13681.472
13821.999999999998,13589.95
13766.0,13623.781
14105.0,13783.532
14420.0,14043.969
14277.0,14191.783
13919.0,13930.297
13343.0,13228.815
12639.0,12451.597
12232.0,11966.896
11981.0,11692.268
11950.0,11540.304
11872.0,11542.388
11909.0,11783.906
14322.999999999998,14084.246
15219.0,14712.464
15174.0,14949.748
14998.000000000002,14954.915
14931.0,14797.323
14727.999999999998,14552.863
14516.0,14296.035
14313.0,14054.141
14107.999999999998,13811.809
13880.0,13589.446
13821.999999999998,13485.868
13766.0,13493.956
14105.0,13664.291
14420.0,13976.235
14277.0,14151.386
13919.0,13902.387
13343.0,13280.128
12639.0,12555.837
12232.0,12011.57
11981.0,11796.805
11950.0,11716.909
11872.0,11669.875
11909.0,11811.748
12253.0,12364.711
15219.0,14889.699
15174.0,15004.497
14998.000000000002,14985.749
14931.0,14950.021
14727.999999999998,14707.809
14516.0,14384.29
14313.0,14141.083
14107.999999999998,13951.08
13880.0,13752.675
13821.999999999998,13566.763
13766.0,13638.343
14105.0,13894.245
14420.0,14178.112
14277.0,14330.824
13919.0,14094.168
13343.0,13443.14
12639.0,12702.0
12232.0,12205.113
11981.0,11953.294
11950.0,11881.317
11872.0,11863.351
11909.0,11920.967
12253.0,12335.452
12715.0,13188.239
15174.0,14967.037
14998.000000000002,14955.962
14931.0,14956.329
14727.999999999998,14743.307
14516.0,14401.669
14313.0,14206.754
14107.999999999998,14070.11
13880.0,13882.092
13821.999999999998,13802.249
13766.0,13795.236
14105.0,14022.11
14420.0,14334.483
14277.0,14512.961
13919.0,14224.929
13343.0,13507.797
12639.0,12761.075
12232.0,12236.731
11981.0,11990.579
11950.0,11886.154
11872.0,11861.572
11909.0,11944.72
12253.0,12390.198
12715.0,13186.663
13283.0,13692.898
14998.000000000002,14934.732
14931.0,14797.961
14727.999999999998,14596.084
14516.0,14349.626
14313.0,14106.078
14107.999999999998,13869.637
13880.0,13676.879
13821.999999999998,13620.081
13766.0,13726.154
14105.0,13855.257
14420.0,14159.118
14277.0,14367.843
13919.0,14078.214
13343.0,13326.393
12639.0,12519.665
12232.0,11958.524
11981.0,11667.5625
11950.0,11641.779
11872.0,11649.671
11909.0,11706.722
12253.0,12138.559
12715.0,13025.846
13283.0,13685.174
13686.0,13807.501
14931.0,14847.86
14727.999999999998,14594.341
14516.0,14314.345
14313.0,14046.079
14107.999999999998,13693.375
13880.0,13368.129
13821.999999999998,13291.025
13766.0,13465.54
14105.0,13791.844
14420.0,14030.762
14277.0,14160.626
13919.0,13922.578
13343.0,13202.965
12639.0,12417.544
12232.0,11866.79
11981.0,11589.892
11950.0,11525.362
11872.0,11584.998
11909.0,11645.913
12253.0,12024.423
12715.0,12878.72
13283.0,13583.213
13686.0,13767.788
13880.0,13726.919
14727.999999999998,14608.228
14516.0,14374.844
14313.0,14149.742
14107.999999999998,13877.042
13880.0,13530.535
13821.999999999998,13334.298
13766.0,13421.035
14105.0,13713.729
14420.0,14120.278
14277.0,14310.977
13919.0,14096.266
13343.0,13481.246
12639.0,12699.091
12232.0,12040.293
11981.0,11707.528
11950.0,11660.103
11872.0,11707.141
11909.0,11795.3955
12253.0,12091.217
12715.0,12768.488
13283.0,13492.492
13686.0,13855.82
13880.0,13897.591
13847.999999999998,13739.775
14516.0,14328.558
14313.0,14127.451
14107.999999999998,13926.963
13880.0,13711.929
13821.999999999998,13508.225
13766.0,13491.703
14105.0,13680.217
14420.0,13916.743
14277.0,14111.067
13919.0,13978.393
13343.0,13420.432
12639.0,12699.795
12232.0,12163.126
11981.0,11827.011
11950.0,11717.965
11872.0,11750.977
11909.0,11881.273
12253.0,12203.603
12715.0,12753.339
13283.0,13366.499
13686.0,13745.603
13880.0,13866.595
13847.999999999998,13795.893
13651.0,13500.285
14313.0,14240.012
14107.999999999998,13914.958
13880.0,13649.057
13821.999999999998,13589.685
13766.0,13592.221
14105.0,13668.593
14420.0,13888.47
14277.0,14009.354
13919.0,13815.655
13343.0,13288.094
12639.0,12625.6045
12232.0,12051.587
11981.0,11750.51
11950.0,11652.808
11872.0,11682.37
11909.0,11798.398
12253.0,12179.422
12715.0,12823.702
13283.0,13373.784
13686.0,13690.888
13880.0,13851.743
13847.999999999998,13844.039
13651.0,13593.648
13375.0,13225.365
14107.999999999998,14102.653
13880.0,13707.116
13821.999999999998,13468.178
13766.0,13558.876
14105.0,13729.066
14420.0,13841.496
14277.0,13953.03
13919.0,13846.294
13343.0,13331.651
12639.0,12593.507
12232.0,11997.17
11981.0,11669.873
11950.0,11566.661
11872.0,11551.974
11909.0,11688.478
12253.0,12037.358
12715.0,12658.273
13283.0,13344.719
13686.0,13711.564
13880.0,13785.259
13847.999999999998,13750.307
13651.0,13581.598
13375.0,13233.391
13194.0,12867.147
13880.0,13868.891
13821.999999999998,13622.618
13766.0,13575.429
14105.0,13744.004
14420.0,13986.897
14277.0,14080.04
13919.0,13904.667
13343.0,13420.189
12639.0,12741.311
12232.0,12077.588
11981.0,11661.229
11950.0,11563.477
11872.0,11632.971
11909.0,11656.323
12253.0,11942.064
12715.0,12583.803
13283.0,13261.514
13686.0,13677.724
13880.0,13779.786
13847.999999999998,13695.258
13651.0,13482.21
13375.0,13200.54
13194.0,12901.822
12823.0,12604.634
13821.999999999998,13674.328
13766.0,13667.413
14105.0,13869.409
14420.0,14057.549
14277.0,14147.138
13919.0,13979.568
13343.0,13491.375
12639.0,12808.708
12232.0,12193.558
11981.0,11785.768
11950.0,11593.666
11872.0,11618.447
11909.0,11798.608
12253.0,11991.079
12715.0,12499.266
13283.0,13216.965
13686.0,13688.583
13880.0,13788.102
13847.999999999998,13700.977
13651.0,13528.621
13375.0,13239.235
13194.0,12939.991
12823.0,12704.987
12704.0,12483.907
13766.0,13824.2295
14105.0,13965.237
14420.0,14255.574
14277.0,14365.04
13919.0,14098.733
13343.0,13498.584
12639.0,12875.787
12232.0,12354.519
11981.0,11953.006
11950.0,11732.946
11872.0,11676.622
11909.0,11774.9795
12253.0,12103.817
12715.0,12590.247
13283.0,13231.65
13686.0,13711.522
13880.0,13866.479
13847.999999999998,13783.022
13651.0,13587.088
13375.0,13361.773
13194.0,13111.249
12823.0,12856.615
12704.0,12692.028
12547.0,12633.937
14105.0,13963.856
14420.0,14185.149
14277.0,14383.6875
13919.0,14214.463
13343.0,13569.81
12639.0,12773.391
12232.0,12268.637
11981.0,12008.826
11950.0,11797.871
11872.0,11648.922
11909.0,11708.543
12253.0,12061.538
12715.0,12648.782
13283.0,13179.678
13686.0,13618.207
13880.0,13822.553
13847.999999999998,13812.066
13651.0,13630.031
13375.0,13378.371
13194.0,13161.756
12823.0,12988.41
12704.0,12817.264
12547.0,12790.055
12622.0,12854.353
14420.0,14446.499
14277.0,14460.044
13919.0,14255.798
13343.0,13743.831
12639.0,12970.476
12232.0,12321.652
11981.0,12071.855
11950.0,12005.831
11872.0,11925.049
11909.0,11915.59
12253.0,12195.752
12715.0,12808.369
13283.0,13467.21
13686.0,13784.936
13880.0,13899.115
13847.999999999998,13870.588
13651.0,13740.442
13375.0,13514.814
13194.0,13280.048
12823.0,13103.6
12704.0,12988.836
12547.0,12881.735
12622.0,13011.498
12910.0,13354.862
14277.0,14393.341
13919.0,13974.264
13343.0,13475.048
12639.0,12903.67
12232.0,12296.361
11981.0,11943.573
11950.0,11912.789
11872.0,11926.765
11909.0,11972.509
12253.0,12208.822
12715.0,12752.3
13283.0,13426.654
13686.0,13875.468
13880.0,13884.517
13847.999999999998,13770.429
13651.0,13632.559
13375.0,13440.555
13194.0,13185.979
12823.0,12979.422
12704.0,12873.763
12547.0,12867.235
12622.0,12954.327
12910.0,13367.851
13059.0,13814.004
13919.0,13811.623
13343.0,13181.403
12639.0,12625.445
12232.0,12165.128
11981.0,11825.165
11950.0,11689.427
11872.0,11684.619
11909.0,11762.037
12253.0,12071.526
12715.0,12602.547
13283.0,13227.582
13686.0,13685.354
13880.0,13821.679
13847.999999999998,13674.116
13651.0,13546.857
13375.0,13412.308
13194.0,13171.241
12823.0,12907.363
12704.0,12768.806
12547.0,12750.846
12622.0,12867.457
12910.0,13234.524
13059.0,13743.183
12896.0,13847.811
13343.0,13209.188
12639.0,12490.05
12232.0,11999.749
11981.0,11730.947
11950.0,11583.773
11872.0,11547.57
11909.0,11638.802
12253.0,11977.937
12715.0,12601.477
13283.0,13222.172
13686.0,13605.502
13880.0,13726.071
13847.999999999998,13661.398
13651.0,13474.799
13375.0,13303.283
13194.0,13141.446
12823.0,12922.93
12704.0,12748.971
12547.0,12728.2295
12622.0,12929.177
12910.0,13296.894
13059.0,13666.486
12896.0,13773.661
12602.0,13459.868
12639.0,12560.287
12232.0,11927.886
11981.0,11619.476
11950.0,11502.144
11872.0,11481.662
11909.0,11605.741
12253.0,11918.538
12715.0,12484.953
13283.0,13196.478
13686.0,13631.024
13880.0,13682.692
13847.999999999998,13604.152
13651.0,13493.773
13375.0,13282.123
13194.0,13070.721
12823.0,12938.497
12704.0,12778.259
12547.0,12708.427
12622.0,12899.697
12910.0,13369.507
13059.0,13747.737
12896.0,13780.895
12602.0,13492.148
12183.0,12922.013
12232.0,11932.729
11981.0,11515.597
11950.0,11402.542
11872.0,11396.822
11909.0,11523.828
12253.0,11908.034
12715.0,12467.391
13283.0,13061.297
13686.0,13577.57
13880.0,13759.126
13847.999999999998,13629.674
13651.0,13454.873
13375.0,13310.371
13194.0,13098.414
12823.0,12886.733
12704.0,12770.231
12547.0,12737.923
12622.0,12916.445
12910.0,13297.137
13059.0,13728.855
12896.0,13793.441
12602.0,13451.823
12183.0,12927.404
11584.0,12265.105
11981.0,11661.352
11950.0,11470.191
11872.0,11499.216
11909.0,11646.123
12253.0,12000.78
12715.0,12588.51
13283.0,13199.8125
13686.0,13618.385
13880.0,13829.152
13847.999999999998,13791.891
13651.0,13567.184
13375.0,13344.748
13194.0,13193.617
12823.0,13010.049
12704.0,12822.581
12547.0,12763.284
12622.0,12951.404
12910.0,13393.958
13059.0,13733.944
12896.0,13781.761
12602.0,13453.43
12183.0,12928.446
11584.0,12381.958
11087.0,11863.03
11950.0,11698.378
11872.0,11673.529
11909.0,11800.751
12253.0,12126.472
12715.0,12707.1455
13283.0,13325.1455
13686.0,13737.366
13880.0,13857.106
13847.999999999998,13799.293
13651.0,13632.855
13375.0,13376.121
13194.0,13144.105
12823.0,12979.878
12704.0,12829.095
12547.0,12781.308
12622.0,12961.956
12910.0,13363.96
13059.0,13811.655
12896.0,13862.809
12602.0,13490.602
12183.0,12934.847
11584.0,12443.789
11087.0,12036.003
10785.0,11754.695
11872.0,11941.951
11909.0,12082.093
12253.0,12363.608
12715.0,12842.145
13283.0,13490.691
13686.0,13951.901
13880.0,14049.187
13847.999999999998,13868.685
13651.0,13614.114
13375.0,13389.687
13194.0,13157.41
12823.0,12956.261
12704.0,12796.483
12547.0,12743.486
12622.0,12965.183
12910.0,13431.591
13059.0,13803.0
12896.0,13871.517
12602.0,13549.433
12183.0,13036.145
11584.0,12492.73
11087.0,12092.529
10785.0,11851.005
10438.0,11808.238
11909.0,12032.401
12253.0,12361.964
12715.0,12880.748
13283.0,13403.813
13686.0,13826.719
13880.0,13995.243
13847.999999999998,13886.7295
13651.0,13566.42
13375.0,13222.307
13194.0,13025.218
12823.0,12917.334
12704.0,12782.47
12547.0,12670.044
12622.0,12845.359
12910.0,13341.417
13059.0,13779.742
12896.0,13800.326
12602.0,13485.636
12183.0,13013.124
11584.0,12546.405
11087.0,12105.801
10785.0,11880.374
10438.0,11823.098
10343.0,11845.726
12253.0,12269.432
12715.0,12764.932
13283.0,13378.157
13686.0,13829.291
13880.0,13957.574
13847.999999999998,13817.904
13651.0,13579.007
13375.0,13271.087
13194.0,12967.169
12823.0,12791.466
12704.0,12749.47
12547.0,12734.36
12622.0,12824.27
12910.0,13196.453
13059.0,13647.884
12896.0,13733.533
12602.0,13398.836
12183.0,12923.615
11584.0,12467.446
11087.0,12118.317
10785.0,11831.8955
10438.0,11751.605
10343.0,11801.233
10370.0,11903.814
12715.0,12944.74
13283.0,13489.312
13686.0,13943.134
13880.0,14171.713
13847.999999999998,14054.397
13651.0,13735.423
13375.0,13426.548
13194.0,13148.271
12823.0,12916.496
12704.0,12742.853
12547.0,12729.578
12622.0,12902.504
12910.0,13258.762
13059.0,13614.102
12896.0,13690.533
12602.0,13379.494
12183.0,12898.092
11584.0,12436.048
11087.0,12045.12
10785.0,11840.59
10438.0,11736.123
10343.0,11750.599
10370.0,11891.387
10606.0,12206.673
13283.0,13486.329
13686.0,13889.781
13880.0,14103.159
13847.999999999998,14106.134
13651.0,13825.301
13375.0,13458.909
13194.0,13177.001
12823.0,12965.057
12704.0,12826.909
12547.0,12733.697
12622.0,12870.379
12910.0,13230.124
13059.0,13604.944
12896.0,13643.46
12602.0,13332.064
12183.0,12864.432
11584.0,12428.432
11087.0,12073.548
10785.0,11810.477
10438.0,11746.351
10343.0,11774.141
10370.0,11897.02
10606.0,12165.273
10976.0,12612.796
13686.0,13837.277
13880.0,13928.539
13847.999999999998,13877.268
13651.0,13777.471
13375.0,13472.164
13194.0,13098.126
12823.0,12863.801
12704.0,12764.924
12547.0,12787.377
12622.0,12893.601
12910.0,13202.902
13059.0,13528.626
12896.0,13626.3545
12602.0,13336.246
12183.0,12857.351
11584.0,12373.844
11087.0,12011.5625
10785.0,11831.398
10438.0,11732.907
10343.0,11764.96
10370.0,11894.58
10606.0,12145.591
10976.0,12519.727
11353.0,13023.492
13880.0,13897.638
13847.999999999998,13698.2
13651.0,13441.745
13375.0,13277.9795
13194.0,13022.082
12823.0,12722.879
12704.0,12582.959
12547.0,12641.633
12622.0,12902.32
12910.0,13189.68
13059.0,13427.519
12896.0,13461.565
12602.0,13268.961
12183.0,12801.883
11584.0,12295.359
11087.0,11914.075
10785.0,11704.588
10438.0,11677.947
10343.0,11686.668
10370.0,11834.492
10606.0,12118.273
10976.0,12486.759
11353.0,12888.366
11911.0,13241.504
13847.999999999998,13742.375
13651.0,13430.782
13375.0,13098.166
13194.0,12900.303
12823.0,12679.389
12704.0,12505.447
12547.0,12573.535
12622.0,12840.026
12910.0,13206.057
13059.0,13422.61
12896.0,13377.172
12602.0,13100.2295
12183.0,12721.165
11584.0,12215.495
11087.0,11812.963
10785.0,11618.587
10438.0,11546.34
10343.0,11581.098
10370.0,11667.559
10606.0,11995.81
10976.0,12459.719
11353.0,12812.879
11911.0,13039.059
12096.0,13139.972
13651.0,13497.951
13375.0,13209.141
13194.0,12908.733
12823.0,12711.932
12704.0,12502.715
12547.0,12491.317
12622.0,12842.526
12910.0,13249.793
13059.0,13445.72
12896.0,13359.678
12602.0,13043.489
12183.0,12610.619
11584.0,12176.36
11087.0,11759.851
10785.0,11538.492
10438.0,11472.32
10343.0,11448.403
10370.0,11538.187
10606.0,11741.723
10976.0,12213.808
11353.0,12730.887
11911.0,12927.187
12096.0,12868.137
12049.0,12755.274
13375.0,13212.586
13194.0,13003.135
12823.0,12766.487
12704.0,12644.995
12547.0,12574.616
12622.0,12763.988
12910.0,13244.92
13059.0,13558.813
12896.0,13442.057
12602.0,13071.33
12183.0,12613.597
11584.0,12149.753
11087.0,11759.63
10785.0,11510.21
10438.0,11465.6
10343.0,11433.316
10370.0,11457.785
10606.0,11737.512
10976.0,12078.056
11353.0,12495.39
11911.0,12854.045
12096.0,12867.355
12049.0,12590.135
11873.0,12399.211
13194.0,12972.948
12823.0,12818.368
12704.0,12622.577
12547.0,12624.3955
12622.0,12815.505
12910.0,13169.95
13059.0,13512.407
12896.0,13519.935
12602.0,13136.175
12183.0,12616.653
11584.0,12117.744
11087.0,11701.801
10785.0,11422.191
10438.0,11348.965
10343.0,11484.1045
10370.0,11528.175
10606.0,11653.231
10976.0,12147.562
11353.0,12570.039
11911.0,12772.455
12096.0,12834.211
12049.0,12713.966
11873.0,12378.963
11936.0,12222.979
12823.0,12926.669
12704.0,12820.08
12547.0,12710.424
12622.0,12877.78
12910.0,13262.738
13059.0,13591.033
12896.0,13634.808
12602.0,13310.414
12183.0,12720.786
11584.0,12102.344
11087.0,11617.974
10785.0,11342.503
10438.0,11222.133
10343.0,11256.717
10370.0,11521.571
10606.0,11735.802
10976.0,12020.299
11353.0,12596.331
11911.0,12949.862
12096.0,12921.595
12049.0,12745.184
11873.0,12576.103
11936.0,12332.23
11846.0,12291.638
12704.0,12635.514
12547.0,12592.75
12622.0,12729.644
12910.0,13051.861
13059.0,13343.149
12896.0,13423.384
12602.0,13234.959
12183.0,12752.047
11584.0,12097.979
11087.0,11519.226
10785.0,11190.354
10438.0,11139.052
10343.0,11200.945
10370.0,11259.553
10606.0,11545.183
10976.0,11955.096
11353.0,12425.567
11911.0,12877.364
12096.0,12928.527
12049.0,12701.21
11873.0,12461.677
11936.0,12314.222
11846.0,12145.734
11793.0,12059.548
12547.0,12566.085
12622.0,12725.497
12910.0,13084.559
13059.0,13439.253
12896.0,13536.11
12602.0,13306.058
12183.0,12897.71
11584.0,12365.519
11087.0,11762.441
10785.0,11285.239
10438.0,11090.351
10343.0,11186.145
10370.0,11355.049
10606.0,11440.45
10976.0,11802.64
11353.0,12354.35
11911.0,12825.989
12096.0,13046.373
12049.0,12882.727
11873.0,12625.925
11936.0,12418.566
11846.0,12284.55
11793.0,12162.973
11799.0,12089.975
12622.0,12607.321
12910.0,12878.33
13059.0,13261.337
12896.0,13445.898
12602.0,13256.491
12183.0,12772.967
11584.0,12279.328
11087.0,11840.6
10785.0,11433.586
10438.0,11157.791
10343.0,11111.6
10370.0,11268.253
10606.0,11501.977
10976.0,11708.0205
11353.0,12151.894
11911.0,12646.411
12096.0,12935.895
12049.0,12922.008
11873.0,12646.793
11936.0,12419.812
11846.0,12281.944
11793.0,12174.54
11799.0,12101.288
11946.0,12039.032
12910.0,12966.119
13059.0,13226.433
12896.0,13404.322
12602.0,13287.628
12183.0,12834.681
11584.0,12217.257
11087.0,11727.11
10785.0,11451.69
10438.0,11323.108
10343.0,11258.303
10370.0,11283.637
10606.0,11475.654
10976.0,11855.428
11353.0,12255.887
11911.0,12671.575
12096.0,12893.551
12049.0,12912.338
11873.0,12760.682
11936.0,12481.276
11846.0,12293.108
11793.0,12226.833
11799.0,12154.992
11946.0,12162.084
12642.0,12268.124
13059.0,13322.506
12896.0,13362.137
12602.0,13240.431
12183.0,12854.677
11584.0,12238.078
11087.0,11673.298
10785.0,11371.662
10438.0,11299.543
10343.0,11380.043
10370.0,11468.874
10606.0,11582.6455
10976.0,11884.402
11353.0,12396.843
11911.0,12799.561
12096.0,12967.273
12049.0,12876.845
11873.0,12712.517
11936.0,12529.6455
11846.0,12326.867
11793.0,12228.767
11799.0,12253.3955
11946.0,12254.667
12642.0,12444.091
13181.0,12790.329
12896.0,13183.793
12602.0,12920.785
12183.0,12552.413
11584.0,12062.454
11087.0,11511.552
10785.0,11165.098
10438.0,11067.23
10343.0,11092.548
10370.0,11272.218
10606.0,11536.546
10976.0,11861.149
11353.0,12283.205
11911.0,12739.345
12096.0,12940.474
12049.0,12868.776
11873.0,12661.233
11936.0,12478.802
11846.0,12307.204
11793.0,12141.116
11799.0,12119.726
11946.0,12290.356
12642.0,12496.55
13181.0,12889.397
13119.0,13249.714
12602.0,12661.288
12183.0,12126.356
11584.0,11630.092
11087.0,11230.852
10785.0,10898.8125
10438.0,10735.214
10343.0,10727.752
10370.0,10866.67
10606.0,11227.395
10976.0,11696.313
11353.0,12142.276
11911.0,12503.436
12096.0,12750.311
12049.0,12765.102
11873.0,12591.322
11936.0,12397.087
11846.0,12281.584
11793.0,12183.654
11799.0,12065.994
11946.0,12129.342
12642.0,12485.194
13181.0,12932.805
13119.0,13316.065
12895.0,13361.662
12183.0,12198.592
11584.0,11550.993
11087.0,11087.249
10785.0,10822.5205
10438.0,10645.918
10343.0,10607.959
10370.0,10734.522
10606.0,11079.676
10976.0,11641.788
11353.0,12152.309
11911.0,12430.732
12096.0,12560.587
12049.0,12624.344
11873.0,12546.401
11936.0,12330.904
11846.0,12155.985
11793.0,12087.266
11799.0,12086.089
11946.0,12120.644
12642.0,12409.803
13181.0,12919.793
13119.0,13299.582
12895.0,13358.372
12332.0,13081.855
11584.0,11721.227
11087.0,11232.395
10785.0,10925.901
10438.0,10728.742
10343.0,10659.282
10370.0,10799.57
10606.0,11123.569
10976.0,11613.233
11353.0,12191.961
11911.0,12525.899
12096.0,12528.959
12049.0,12474.816
11873.0,12441.821
11936.0,12306.848
11846.0,12101.538
11793.0,11967.071
11799.0,11939.918
11946.0,12126.786
12642.0,12453.675
13181.0,12891.342
13119.0,13224.479
12895.0,13277.088
12332.0,12999.6455
11849.0,12530.772
11087.0,11258.101
10785.0,11018.671
10438.0,10833.508
10343.0,10652.546
10370.0,10735.225
10606.0,11126.72
10976.0,11601.657
11353.0,12052.799
11911.0,12502.188
12096.0,12662.255
12049.0,12486.805
11873.0,12329.203
11936.0,12295.057
11846.0,12191.239
11793.0,12007.331
11799.0,11899.878
11946.0,12067.143
12642.0,12615.325
13181.0,13087.231
13119.0,13232.624
12895.0,13133.117
12332.0,12952.076
11849.0,12538.705
11373.0,12028.89
10785.0,10907.936
10438.0,10847.742
10343.0,10719.445
10370.0,10623.162
10606.0,10966.439
10976.0,11583.494
11353.0,12045.301
11911.0,12303.448
12096.0,12580.431
12049.0,12642.406
11873.0,12401.656
11936.0,12215.019
11846.0,12217.147
11793.0,12175.8955
11799.0,12056.815
11946.0,12078.96
12642.0,12551.354
13181.0,13366.878
13119.0,13676.085
12895.0,13296.179
12332.0,12796.741
11849.0,12519.89
11373.0,12126.877
10996.0,11756.986
10438.0,10763.681
10343.0,10781.455
10370.0,10701.613
10606.0,10804.921
10976.0,11445.796
11353.0,12133.143
11911.0,12412.378
12096.0,12442.387
12049.0,12555.391
11873.0,12546.38
11936.0,12315.308
11846.0,12163.237
11793.0,12154.576
11799.0,12140.149
11946.0,12201.017
12642.0,12509.61
13181.0,13152.666
13119.0,13835.417
12895.0,13805.184
12332.0,13136.53
11849.0,12474.033
11373.0,12154.07
10996.0,11849.87
10967.0,11724.369
10343.0,10601.784
10370.0,10661.952
10606.0,10766.306
10976.0,11132.318
11353.0,11866.776
11911.0,12410.577
12096.0,12516.684
12049.0,12413.449
11873.0,12400.355
11936.0,12381.743
11846.0,12261.751
11793.0,12151.112
11799.0,12088.3955
11946.0,12173.955
12642.0,12499.667
13181.0,13009.308
13119.0,13549.29
12895.0,13804.47
12332.0,13394.184
11849.0,12707.434
11373.0,12159.776
10996.0,11881.164
10967.0,11664.569
10902.0,11678.929
10370.0,10569.301
10606.0,10768.034
10976.0,11126.275
11353.0,11660.804
11911.0,12233.879
12096.0,12500.1
12049.0,12510.265
11873.0,12395.292
11936.0,12294.158
11846.0,12240.429
11793.0,12201.275
11799.0,12158.641
11946.0,12161.513
12642.0,12463.559
13181.0,12993.505
13119.0,13430.786
12895.0,13619.363
12332.0,13447.231
11849.0,12819.441
11373.0,12249.257
10996.0,11895.434
10967.0,11697.455
10902.0,11575.385
10948.0,11737.538
10606.0,10735.028
10976.0,11084.796
11353.0,11607.45
11911.0,12162.345
12096.0,12490.304
12049.0,12486.526
11873.0,12382.98
11936.0,12269.273
11846.0,12189.231
11793.0,12137.029
11799.0,12157.722
11946.0,12268.413
12642.0,12508.479
13181.0,13001.026
13119.0,13477.828
12895.0,13618.128
12332.0,13437.384
11849.0,12972.012
11373.0,12258.959
10996.0,11816.964
10967.0,11639.154
10902.0,11584.226
10948.0,11676.157
11311.0,12051.697
10976.0,11092.403
11353.0,11580.716
11911.0,12144.219
12096.0,12582.448
12049.0,12681.1045
11873.0,12504.374
11936.0,12284.399
11846.0,12165.64
11793.0,12198.816
11799.0,12189.88
11946.0,12253.266
12642.0,12577.343
13181.0,13102.579
13119.0,13594.958
12895.0,13760.416
12332.0,13568.963
11849.0,13155.176
11373.0,12557.991
10996.0,11886.486
10967.0,11609.995
10902.0,11600.109
10948.0,11734.336
11311.0,12136.451
12183.0,12799.638
11353.0,11491.701
11911.0,12029.011
12096.0,12509.326
12049.0,12776.43
11873.0,12743.733
11936.0,12551.863
11846.0,12322.897
11793.0,12220.805
11799.0,12344.607
11946.0,12406.648
12642.0,12569.686
13181.0,13052.986
13119.0,13638.423
12895.0,13890.61
12332.0,13661.254
11849.0,13191.7
11373.0,12678.156
10996.0,12143.087
10967.0,11663.374
10902.0,11576.973
10948.0,11752.4
11311.0,12185.053
12183.0,12937.909
13650.0,13787.096
11911.0,11768.072
12096.0,12279.52
12049.0,12573.714
11873.0,12659.965
11936.0,12602.497
11846.0,12497.172
11793.0,12359.267
11799.0,12329.1
11946.0,12507.693
12642.0,12665.714
13181.0,12962.075
13119.0,13447.76
12895.0,13772.1875
12332.0,13612.98
11849.0,13058.592
11373.0,12444.847
10996.0,11978.332
10967.0,11671.56
10902.0,11470.1
10948.0,11601.454
11311.0,12077.334
12183.0,12936.6
13650.0,13916.629
14173.000000000002,14662.068
12096.0,12007.612
12049.0,12445.958
11873.0,12565.883
11936.0,12536.239
11846.0,12481.519
11793.0,12433.591
11799.0,12418.392
11946.0,12492.983
12642.0,12723.03
13181.0,13043.415
13119.0,13506.853
12895.0,13855.223
12332.0,13653.474
11849.0,12989.125
11373.0,12267.839
10996.0,11756.555
10967.0,11569.455
10902.0,11589.962
10948.0,11579.975
11311.0,11924.822
12183.0,12852.997
13650.0,14046.872
14173.000000000002,14857.633
14249.0,15249.375
12049.0,12177.502
11873.0,12331.37
11936.0,12328.756
11846.0,12216.286
11793.0,12086.282
11799.0,12055.644
11946.0,12143.786
12642.0,12298.635
13181.0,12685.629
13119.0,13131.76
12895.0,13472.526
12332.0,13444.126
11849.0,12796.356
11373.0,11941.602
10996.0,11426.869
10967.0,11276.532
10902.0,11342.562
10948.0,11472.55
11311.0,11677.709
12183.0,12424.033
13650.0,13658.796
14173.000000000002,14693.167
14249.0,15019.772
14321.0,14921.641
11873.0,12123.383
11936.0,12142.367
11846.0,12107.04
11793.0,11970.136
11799.0,11836.391
11946.0,11889.86
12642.0,12105.178
13181.0,12384.031
13119.0,12941.301
12895.0,13250.434
12332.0,13030.759
11849.0,12542.886
11373.0,11912.255
10996.0,11317.21
10967.0,11108.755
10902.0,11182.179
10948.0,11345.078
11311.0,11620.767
12183.0,12222.583
13650.0,13276.674
14173.000000000002,14282.482
14249.0,14725.102
14321.0,14673.691
14307.000000000002,14439.294
11936.0,11898.218
11846.0,11886.513
11793.0,11834.529
11799.0,11759.841
11946.0,11708.961
12642.0,11866.51
13181.0,12281.153
13119.0,12689.085
12895.0,13140.699
12332.0,13127.598
11849.0,12535.169
11373.0,11846.158
10996.0,11403.105
10967.0,11122.362
10902.0,11095.885
10948.0,11261.483
11311.0,11716.307
12183.0,12449.551
13650.0,13303.558
14173.000000000002,14182.362
14249.0,14686.509
14321.0,14671.909
14307.000000000002,14437.894
14200.000000000002,14208.158
11846.0,11855.216
11793.0,11903.977
11799.0,11892.622
11946.0,11937.3955
12642.0,11979.955
13181.0,12214.051
13119.0,12798.158
12895.0,13156.875
12332.0,13088.877
11849.0,12605.268
11373.0,11997.923
10996.0,11508.63
10967.0,11241.996
10902.0,11076.083
10948.0,11186.267
11311.0,11620.209
12183.0,12541.249
13650.0,13588.238
14173.000000000002,14236.351
14249.0,14644.515
14321.0,14817.395
14307.000000000002,14669.041
14200.000000000002,14379.004
14286.0,14198.349
11793.0,11723.626
11799.0,11869.232
11946.0,11979.497
12642.0,12125.802
13181.0,12290.978
13119.0,12620.982
12895.0,13079.509
12332.0,13021.219
11849.0,12449.48
11373.0,11789.505
10996.0,11404.098
10967.0,11235.436
10902.0,11142.348
10948.0,11071.012
11311.0,11480.872
12183.0,12440.977
13650.0,13639.612
14173.000000000002,14391.228
14249.0,14519.772
14321.0,14615.973
14307.000000000002,14688.574
14200.000000000002,14531.446
14286.0,14294.378
14204.0,14131.66
11799.0,11664.875
11946.0,12036.304
12642.0,12299.73
13181.0,12500.228
13119.0,12796.296
12895.0,13079.698
12332.0,13051.623
11849.0,12490.338
11373.0,11795.503
10996.0,11322.638
10967.0,11130.066
10902.0,11091.89
10948.0,11130.831
11311.0,11393.666
12183.0,12346.788
13650.0,13564.489
14173.000000000002,14367.284
14249.0,14560.044
14321.0,14507.422
14307.000000000002,14576.125
14200.000000000002,14538.953
14286.0,14388.539
14204.0,14222.302
13984.000000000002,14065.248
11946.0,11913.961
12642.0,12285.535
13181.0,12608.948
13119.0,12991.924
12895.0,13262.012
12332.0,13075.595
11849.0,12529.969
11373.0,11875.915
10996.0,11371.693
10967.0,11120.571
10902.0,11025.161
10948.0,11034.079
11311.0,11392.188
12183.0,12313.491
13650.0,13539.472
14173.000000000002,14245.789
14249.0,14446.159
14321.0,14545.756
14307.000000000002,14592.354
14200.000000000002,14552.691
14286.0,14419.912
14204.0,14362.821
13984.000000000002,14239.905
13880.0,14124.894
12642.0,12265.494
13181.0,12652.643
13119.0,12957.069
12895.0,13250.918
12332.0,13201.015
11849.0,12589.458
11373.0,11878.418
10996.0,11427.933
10967.0,11197.03
10902.0,11088.409
10948.0,11093.355
11311.0,11377.75
12183.0,12255.784
13650.0,13522.865
14173.000000000002,14474.767
14249.0,14616.451
14321.0,14533.816
14307.000000000002,14627.658
14200.000000000002,14655.163
14286.0,14513.599
14204.0,14338.831
13984.000000000002,14278.66
13880.0,14178.512
13937.999999999998,14151.123
13181.0,13088.486
13119.0,13369.233
12895.0,13436.315
12332.0,13334.097
11849.0,12892.092
11373.0,12178.7
10996.0,11604.761
10967.0,11387.515
10902.0,11386.729
10948.0,11427.167
11311.0,11707.9375
12183.0,12561.446
13650.0,13844.117
14173.000000000002,14781.365
14249.0,15083.049
14321.0,14974.923
14307.000000000002,14862.313
14200.000000000002,14826.027
14286.0,14768.083
14204.0,14623.907
13984.000000000002,14415.971
13880.0,14275.138
13937.999999999998,14345.579
14258.0,14690.05
13119.0,13470.364
12895.0,13539.387
12332.0,13414.949
11849.0,12981.584
11373.0,12314.342
10996.0,11764.051
10967.0,11498.351
10902.0,11460.154
10948.0,11623.037
11311.0,11972.128
12183.0,12800.124
13650.0,14007.492
14173.000000000002,14988.06
14249.0,15212.135
14321.0,15145.534
14307.000000000002,15123.934
14200.000000000002,15006.342
14286.0,14747.796
14204.0,14595.464
13984.000000000002,14470.835
13880.0,14265.973
13937.999999999998,14231.343
14258.0,14657.504
14846.000000000002,15100.337
12895.0,13306.956
12332.0,13118.076
11849.0,12647.501
11373.0,12118.75
10996.0,11673.498
10967.0,11361.191
10902.0,11210.161
10948.0,11303.013
11311.0,11807.975
12183.0,12768.508
13650.0,13975.855
14173.000000000002,14720.518
14249.0,14899.508
14321.0,14878.224
14307.000000000002,14913.4375
14200.000000000002,14810.127
14286.0,14642.395
14204.0,14540.582
13984.000000000002,14445.583
13880.0,14289.617
13937.999999999998,14312.781
14258.0,14702.721
14846.000000000002,15092.386
14714.0,15029.992
12332.0,13046.206
11849.0,12569.137
11373.0,11848.489
10996.0,11355.296
10967.0,11160.487
10902.0,11050.952
10948.0,11048.286
11311.0,11492.601
12183.0,12572.412
13650.0,13786.515
14173.000000000002,14519.167
14249.0,14613.817
14321.0,14574.082
14307.000000000002,14648.06
14200.000000000002,14658.006
14286.0,14475.148
14204.0,14358.401
13984.000000000002,14389.99
13880.0,14382.0
13937.999999999998,14437.332
14258.0,14814.131
14846.000000000002,15192.576
14714.0,15136.214
14196.0,14764.249
11849.0,12269.609
11373.0,11690.025
10996.0,11148.885
10967.0,10847.1
10902.0,10776.042
10948.0,10845.378
11311.0,11187.58
12183.0,12102.131
13650.0,13402.885
14173.000000000002,14200.466
14249.0,14246.006
14321.0,14158.229
14307.000000000002,14319.184
14200.000000000002,14457.913
14286.0,14488.717
14204.0,14463.339
13984.000000000002,14373.759
13880.0,14324.451
13937.999999999998,14456.134
14258.0,14792.867
14846.000000000002,15136.857
14714.0,15149.936
14196.0,14766.111
13536.0,14097.186
11373.0,11512.477
10996.0,11043.971
10967.0,10709.349
10902.0,10578.176
10948.0,10695.844
11311.0,11183.019
12183.0,12043.934
13650.0,13097.538
14173.000000000002,14000.128
14249.0,14374.414
14321.0,14333.669
14307.000000000002,14307.246
14200.000000000002,14426.556
14286.0,14502.007
14204.0,14560.825
13984.000000000002,14590.805
13880.0,14536.791
13937.999999999998,14546.769
14258.0,14763.303
14846.000000000002,15127.576
14714.0,15222.675
14196.0,14811.228
13536.0,14074.658
12802.0,13259.133
10996.0,10951.734
10967.0,10679.066
10902.0,10514.039
10948.0,10598.45
11311.0,11136.09
12183.0,12134.826
13650.0,13192.585
14173.000000000002,13918.072
14249.0,14298.619
14321.0,14474.807
14307.000000000002,14540.078
14200.000000000002,14552.749
14286.0,14572.446
14204.0,14565.324
13984.000000000002,14588.475
13880.0,14639.488
13937.999999999998,14724.226
14258.0,14889.918
14846.000000000002,15049.858
14714.0,15123.87
14196.0,14843.029
13536.0,14163.849
12802.0,13308.744
12043.0,12571.148
10967.0,10660.015
10902.0,10591.424
10948.0,10655.699
11311.0,11094.186
12183.0,12106.128
13650.0,13310.621
14173.000000000002,14081.229
14249.0,14309.695
14321.0,14372.835
14307.000000000002,14496.547
14200.000000000002,14609.166
14286.0,14635.86
14204.0,14621.767
13984.000000000002,14544.8545
13880.0,14554.415
13937.999999999998,14761.893
14258.0,15060.949
14846.000000000002,15241.189
14714.0,15114.115
14196.0,14741.472
13536.0,14088.129
12802.0,13294.87
12043.0,12548.011
11652.0,12022.005
10902.0,10748.744
10948.0,10922.984
11311.0,11424.246
12183.0,12346.07
13650.0,13518.752
14173.000000000002,14359.079
14249.0,14599.826
14321.0,14507.436
14307.000000000002,14452.936
14200.000000000002,14512.468
14286.0,14567.735
14204.0,14591.7
13984.000000000002,14587.6875
13880.0,14524.542
13937.999999999998,14620.136
14258.0,14998.089
14846.000000000002,15369.573
14714.0,15310.721
14196.0,14733.42
13536.0,13974.533
12802.0,13146.227
12043.0,12417.805
11652.0,11917.585
11360.0,11699.115
10948.0,10807.757
11311.0,11479.832
12183.0,12631.2295
13650.0,13747.16
14173.000000000002,14422.091
14249.0,14609.859
14321.0,14608.877
14307.000000000002,14545.012
14200.000000000002,14476.734
14286.0,14478.104
14204.0,14490.942
13984.000000000002,14456.279
13880.0,14427.767
13937.999999999998,14546.704
14258.0,14872.425
14846.000000000002,15178.949
14714.0,15211.393
14196.0,14779.213
13536.0,13918.012
12802.0,12979.343
12043.0,12194.054
11652.0,11737.809
11360.0,11519.289
11146.0,11446.892
11311.0,11323.3955
12183.0,12458.267
13650.0,13659.597
14173.000000000002,14352.266
14249.0,14512.36
14321.0,14464.489
14307.000000000002,14484.403
14200.000000000002,14505.537
14286.0,14481.306
14204.0,14433.0205
13984.000000000002,14386.285
13880.0,14385.987
13937.999999999998,14482.011
14258.0,14746.06
14846.000000000002,15119.56
14714.0,15187.616
14196.0,14724.1045
13536.0,13858.531
12802.0,12924.174
12043.0,12134.709
11652.0,11519.83
11360.0,11221.507
11146.0,11149.612
11123.0,11261.082
12183.0,12433.484
13650.0,13590.631
14173.000000000002,14270.359
14249.0,14486.75
14321.0,14503.781
14307.000000000002,14496.166
14200.000000000002,14501.3955
14286.0,14509.282
14204.0,14541.196
13984.000000000002,14488.904
13880.0,14417.429
13937.999999999998,14520.681
14258.0,14814.243
14846.000000000002,15113.133
14714.0,15220.701
14196.0,14850.395
13536.0,14012.065
12802.0,12992.837
12043.0,12200.879
11652.0,11696.583
11360.0,11302.841
11146.0,11125.829
11123.0,11232.901
11575.0,11718.248
13650.0,13539.438
14173.000000000002,14273.573
14249.0,14493.5
14321.0,14590.826
14307.000000000002,14620.503
14200.000000000002,14630.011
14286.0,14630.636
14204.0,14615.763
13984.000000000002,14659.622
13880.0,14662.273
13937.999999999998,14687.891
14258.0,14866.392
14846.000000000002,15149.403
14714.0,15259.084
14196.0,14978.839
13536.0,14204.792
12802.0,13209.239
12043.0,12354.739
11652.0,11871.844
11360.0,11622.952
11146.0,11415.095
11123.0,11417.409
11575.0,11875.025
12298.0,12801.499
14173.000000000002,14309.039
14249.0,14559.438
14321.0,14647.563
14307.000000000002,14747.85
14200.000000000002,14717.7
14286.0,14747.874
14204.0,14837.732
13984.000000000002,14796.828
13880.0,14817.641
13937.999999999998,14905.121
14258.0,15108.064
14846.000000000002,15373.916
14714.0,15466.802
14196.0,15060.9795
13536.0,14282.369
12802.0,13377.579
12043.0,12538.117
11652.0,11944.861
11360.0,11672.159
11146.0,11574.4375
11123.0,11546.5
11575.0,11811.678
12298.0,12787.928
13601.0,14022.911
14249.0,14085.457
14321.0,14204.833
14307.000000000002,14377.701
14200.000000000002,14511.375
14286.0,14493.947
14204.0,14442.249
13984.000000000002,14465.809
13880.0,14525.479
13937.999999999998,14663.231
14258.0,14774.479
14846.000000000002,14989.151
14714.0,15116.485
14196.0,14831.131
13536.0,13913.824
12802.0,12888.239
12043.0,12177.295
11652.0,11731.894
11360.0,11445.7
11146.0,11273.716
11123.0,11295.824
11575.0,11653.252
12298.0,12569.198
13601.0,13667.839
14192.0,13998.803
14321.0,14315.97
14307.000000000002,14288.324
14200.000000000002,14302.371
14286.0,14454.857
14204.0,14479.512
13984.000000000002,14372.696
13880.0,14395.559
13937.999999999998,14605.054
14258.0,14921.306
14846.000000000002,15084.814
14714.0,15060.2295
14196.0,14786.659
13536.0,14126.082
12802.0,13091.546
12043.0,12139.086
11652.0,11641.091
11360.0,11509.572
11146.0,11405.603
11123.0,11246.3
11575.0,11575.247
12298.0,12576.529
13601.0,13643.181
14192.0,14001.352
14161.0,13816.24
14307.000000000002,14408.298
14200.000000000002,14326.221
14286.0,14310.084
14204.0,14323.067
13984.000000000002,14164.482
13880.0,14158.21
13937.999999999998,14477.513
14258.0,14732.233
14846.000000000002,14901.931
14714.0,14990.7705
14196.0,14769.132
13536.0,14108.376
12802.0,13194.387
12043.0,12303.795
11652.0,11687.868
11360.0,11455.335
11146.0,11443.823
11123.0,11442.0205
11575.0,11682.658
12298.0,12623.9
13601.0,13748.464
14192.0,14134.335
14161.0,13998.587
14074.000000000002,13908.101
14200.000000000002,14068.103
14286.0,14133.679
14204.0,14125.579
13984.000000000002,14012.9795
13880.0,13870.437
13937.999999999998,14023.703
14258.0,14413.038
14846.000000000002,14623.645
14714.0,14670.292
14196.0,14543.882
13536.0,13961.83
12802.0,13100.685
12043.0,12325.801
11652.0,11704.54
11360.0,11390.138
11146.0,11314.274
11123.0,11350.879
11575.0,11682.533
12298.0,12512.967
13601.0,13548.907
14192.0,14115.972
14161.0,14076.176
14074.000000000002,13890.068
14086.0,13785.678
14286.0,13807.392
14204.0,13892.249
13984.000000000002,13870.228
13880.0,13867.128
13937.999999999998,13922.161
14258.0,14133.84
14846.000000000002,14428.311
14714.0,14539.607
14196.0,14346.971
13536.0,13803.146
12802.0,12895.948
12043.0,12109.844
11652.0,11705.256
11360.0,11408.4
11146.0,11227.567
11123.0,11198.255
11575.0,11558.831
12298.0,12485.852
13601.0,13534.042
14192.0,14064.388
14161.0,14066.328
14074.000000000002,13927.958
14086.0,13809.769
14293.0,13672.871
14204.0,14005.012
13984.000000000002,13933.037
13880.0,13907.6045
13937.999999999998,14166.1455
14258.0,14441.565
14846.000000000002,14602.588
14714.0,14668.62
14196.0,14469.216
13536.0,13866.167
12802.0,12992.17
12043.0,12085.112
11652.0,11564.785
11360.0,11442.686
11146.0,11310.429
11123.0,11194.043
11575.0,11448.191
12298.0,12391.044
13601.0,13609.679
14192.0,14299.823
14161.0,14327.606
14074.000000000002,14191.396
14086.0,14063.188
14293.0,14005.818
14321.0,13976.298
13984.000000000002,13955.605
13880.0,13980.374
13937.999999999998,14136.737
14258.0,14405.549
14846.000000000002,14609.659
14714.0,14707.1875
14196.0,14500.475
13536.0,13827.308
12802.0,12950.264
12043.0,12180.232
11652.0,11596.408
11360.0,11361.334
11146.0,11362.571
11123.0,11253.656
11575.0,11394.152
12298.0,12266.029
13601.0,13511.077
14192.0,14259.202
14161.0,14331.758
14074.000000000002,14207.37
14086.0,14181.524
14293.0,14054.13
14321.0,14018.48
14381.0,13959.253
13880.0,13766.489
13937.999999999998,14111.269
14258.0,14454.514
14846.000000000002,14567.821
14714.0,14547.254
14196.0,14424.895
13536.0,13894.549
12802.0,12979.418
12043.0,12144.482
11652.0,11709.931
11360.0,11488.739
11146.0,11380.264
11123.0,11367.762
11575.0,11548.548
12298.0,12356.416
13601.0,13543.628
14192.0,14289.598
14161.0,14371.936
14074.000000000002,14226.597
14086.0,14096.55
14293.0,14011.295
14321.0,13911.765
14381.0,13821.061
14344.000000000002,13604.403
13937.999999999998,14088.205
14258.0,14444.144
14846.000000000002,14685.727
14714.0,14744.64
14196.0,14471.754
13536.0,13837.201
12802.0,13054.356
12043.0,12349.926
11652.0,11756.028
11360.0,11483.599
11146.0,11427.167
11123.0,11432.34
11575.0,11676.792
12298.0,12497.384
13601.0,13682.407
14192.0,14376.526
14161.0,14430.071
14074.000000000002,14345.279
14086.0,14281.152
14293.0,14106.897
14321.0,13974.512
14381.0,13946.698
14344.000000000002,13835.784
14178.0,13720.368
14258.0,14452.372
14846.000000000002,14772.538
14714.0,14801.161
14196.0,14574.571
13536.0,13915.648
12802.0,13013.399
12043.0,12310.708
11652.0,11930.169
11360.0,11587.621
11146.0,11343.841
11123.0,11364.1
11575.0,11784.755
12298.0,12646.191
13601.0,13634.332
14192.0,14292.72
14161.0,14385.303
14074.000000000002,14286.099
14086.0,14257.191
14293.0,14224.515
14321.0,14076.891
14381.0,13982.68
14344.000000000002,13947.212
14178.0,13940.304
14052.0,14036.999
14846.000000000002,14791.809
14714.0,14957.209
14196.0,14647.23
13536.0,14000.941
12802.0,13091.966
12043.0,12300.067
11652.0,11829.239
11360.0,11591.468
11146.0,11395.317
11123.0,11360.078
11575.0,11765.675
12298.0,12707.355
13601.0,13782.701
14192.0,14324.193
14161.0,14384.125
14074.000000000002,14340.028
14086.0,14347.456
14293.0,14299.438
14321.0,14221.611
14381.0,14091.502
14344.000000000002,14048.893
14178.0,14023.414
14052.0,14150.39
14392.0,14441.691
14714.0,15088.539
14196.0,14803.164
13536.0,14131.534
12802.0,13335.666
12043.0,12488.876
11652.0,11923.791
11360.0,11669.414
11146.0,11501.817
11123.0,11474.948
11575.0,11930.69
12298.0,12939.323
13601.0,13989.273
14192.0,14564.533
14161.0,14592.19
14074.000000000002,14504.591
14086.0,14488.068
14293.0,14469.826
14321.0,14373.227
14381.0,14249.601
14344.000000000002,14078.164
14178.0,14075.468
14052.0,14156.862
14392.0,14511.604
14949.0,15004.151
14196.0,14549.049
13536.0,13963.075
12802.0,13203.656
12043.0,12495.542
11652.0,11911.877
11360.0,11562.782
11146.0,11363.046
11123.0,11334.687
11575.0,11796.222
12298.0,12839.268
13601.0,14058.52
14192.0,14667.186
14161.0,14649.621
14074.000000000002,14472.78
14086.0,14447.775
14293.0,14461.685
14321.0,14420.402
14381.0,14282.315
14344.000000000002,14122.46
14178.0,13996.201
14052.0,14109.003
14392.0,14504.11
14949.0,15048.706
14795.0,15100.035
13536.0,13807.525
12802.0,13038.215
12043.0,12229.786
11652.0,11677.242
11360.0,11365.2705
11146.0,11191.452
11123.0,11157.057
11575.0,11565.699
12298.0,12568.591
13601.0,13778.866
14192.0,14585.085
14161.0,14639.459
14074.000000000002,14412.432
14086.0,14347.493
14293.0,14345.142
14321.0,14230.82
14381.0,14117.29
14344.000000000002,14046.408
14178.0,13968.338
14052.0,14028.039
14392.0,14424.557
14949.0,14950.021
14795.0,15045.779
14390.0,14509.191
12802.0,12839.382
12043.0,12095.213
11652.0,11570.165
11360.0,11265.81
11146.0,11080.124
11123.0,11107.76
11575.0,11486.174
12298.0,12372.423
13601.0,13519.757
14192.0,14279.174
14161.0,14430.353
14074.000000000002,14322.605
14086.0,14309.187
14293.0,14336.701
14321.0,14299.843
14381.0,14211.013
14344.000000000002,14056.569
14178.0,13936.588
14052.0,14035.181
14392.0,14443.194
14949.0,14864.41
14795.0,14953.177
14390.0,14571.441
13616.0,13801.118
12043.0,12036.403
11652.0,11537.432
11360.0,11241.059
11146.0,11061.646
11123.0,11087.899
11575.0,11579.279
12298.0,12438.976
13601.0,13401.626
14192.0,14166.558
14161.0,14466.837
14074.000000000002,14416.278
14086.0,14342.921
14293.0,14371.848
14321.0,14377.254
14381.0,14313.842
14344.000000000002,14187.053
14178.0,14046.143
14052.0,14124.373
14392.0,14474.675
14949.0,14893.528
14795.0,14950.536
14390.0,14571.853
13616.0,13875.25
12731.0,13054.264
11652.0,11439.193
11360.0,11193.834
11146.0,11038.621
11123.0,11029.374
11575.0,11471.481
12298.0,12461.351
13601.0,13465.504
14192.0,14067.429
14161.0,14342.068
14074.000000000002,14424.641
14086.0,14408.06
14293.0,14366.1875
14321.0,14379.386
14381.0,14375.619
14344.000000000002,14274.252
14178.0,14132.451
14052.0,14199.103
14392.0,14590.917
14949.0,14920.525
14795.0,14901.126
14390.0,14495.6
13616.0,13880.53
12731.0,13091.947
11933.0,12376.348
11360.0,11199.926
11146.0,11106.567
11123.0,11117.917
11575.0,11524.832
12298.0,12499.699
13601.0,13612.786
14192.0,14237.271
14161.0,14348.078
14074.000000000002,14331.513
14086.0,14330.942
14293.0,14335.074
14321.0,14344.951
14381.0,14367.126
14344.000000000002,14283.582
14178.0,14172.833
14052.0,14281.196
14392.0,14673.187
14949.0,15069.922
14795.0,15013.674
14390.0,14507.166
13616.0,13771.406
12731.0,13050.4375
11933.0,12377.087
11342.0,11943.712
11146.0,11101.74
11123.0,11207.147
11575.0,11647.308
12298.0,12547.328
13601.0,13668.676
14192.0,14396.696
14161.0,14515.604
14074.000000000002,14353.517
14086.0,14256.328
14293.0,14227.392
14321.0,14229.768
14381.0,14270.369
14344.000000000002,14283.303
14178.0,14162.049
14052.0,14170.691
14392.0,14609.997
14949.0,15142.31
14795.0,15166.882
14390.0,14559.722
13616.0,13757.853
12731.0,12958.342
11933.0,12281.909
11342.0,11821.445
11024.0,11626.803
11123.0,10987.575
11575.0,11577.845
12298.0,12613.112
13601.0,13617.251
14192.0,14223.82
14161.0,14411.753
14074.000000000002,14428.472
14086.0,14357.353
14293.0,14259.558
14321.0,14209.425
14381.0,14220.343
14344.000000000002,14206.757
14178.0,14146.506
14052.0,14169.551
14392.0,14457.101
14949.0,14890.04
14795.0,15062.253
14390.0,14668.532
13616.0,13805.288
12731.0,12897.824
11933.0,12155.898
11342.0,11678.603
11024.0,11402.623
10791.0,11268.678
11575.0,11342.071
12298.0,12309.625
13601.0,13400.466
14192.0,14057.651
14161.0,14215.728
14074.000000000002,14220.123
14086.0,14323.28
14293.0,14364.82
14321.0,14301.457
14381.0,14208.233
14344.000000000002,14163.075
14178.0,14142.692
14052.0,14175.268
14392.0,14366.698
14949.0,14702.439
14795.0,14835.258
14390.0,14540.793
13616.0,13840.344
12731.0,12945.073
11933.0,12116.697
11342.0,11490.163
11024.0,11150.137
10791.0,10974.942
10831.0,10975.841
12298.0,12422.853
13601.0,13420.683
14192.0,14087.399
14161.0,14357.698
14074.000000000002,14395.571
14086.0,14396.386
14293.0,14435.445
14321.0,14431.713
14381.0,14421.271
14344.000000000002,14320.969
14178.0,14211.312
14052.0,14251.496
14392.0,14500.566
14949.0,14772.234
14795.0,14861.903
14390.0,14559.836
13616.0,13914.284
12731.0,13077.683
11933.0,12290.008
11342.0,11662.057
11024.0,11178.224
10791.0,10925.805
10831.0,10942.902
11098.0,11351.743
13601.0,13461.148
14192.0,14221.755
14161.0,14509.331
14074.000000000002,14602.702
14086.0,14611.639
14293.0,14593.093
14321.0,14576.786
14381.0,14517.532
14344.000000000002,14481.095
14178.0,14379.804
14052.0,14368.393
14392.0,14526.337
14949.0,14783.753
14795.0,14858.484
14390.0,14630.886
13616.0,14040.741
12731.0,13227.13
11933.0,12414.312
11342.0,11849.687
11024.0,11477.673
10791.0,11152.53
10831.0,11062.593
11098.0,11434.749
11797.0,12223.9
14192.0,14301.788
14161.0,14581.304
14074.000000000002,14658.446
14086.0,14738.816
14293.0,14697.3955
14321.0,14653.896
14381.0,14670.31
14344.000000000002,14591.746
14178.0,14560.032
14052.0,14590.625
14392.0,14793.915
14949.0,15009.519
14795.0,15060.043
14390.0,14763.345
13616.0,14185.04
12731.0,13381.852
11933.0,12528.297
11342.0,11893.236
11024.0,11606.843
10791.0,11461.663
10831.0,11302.112
11098.0,11447.468
11797.0,12316.971
13114.0,13500.4
14161.0,14167.255
14074.000000000002,14283.647
14086.0,14440.128
14293.0,14507.788
14321.0,14387.072
14381.0,14282.329
14344.000000000002,14312.451
14178.0,14361.858
14052.0,14487.626
14392.0,14604.191
14949.0,14788.123
14795.0,14846.937
14390.0,14616.928
13616.0,13886.243
12731.0,12989.905
11933.0,12256.876
11342.0,11719.439
11024.0,11331.161
10791.0,11117.288
10831.0,11124.558
11098.0,11388.711
11797.0,12136.227
13114.0,13233.755
13627.0,13809.082
14074.000000000002,14170.62
14086.0,14168.262
14293.0,14214.355
14321.0,14305.975
14381.0,14231.864
14344.000000000002,14071.227
14178.0,14070.685
14052.0,14282.761
14392.0,14615.8125
14949.0,14762.485
14795.0,14686.393
14390.0,14438.322
13616.0,13938.54
12731.0,13017.665
11933.0,12062.777
11342.0,11518.616
11024.0,11300.129
10791.0,11092.995
10831.0,10893.493
11098.0,11170.4795
11797.0,12075.582
13114.0,13157.809
13627.0,13708.775
13807.0,13677.232
14086.0,14216.416
14293.0,14111.373
14321.0,14069.333
14381.0,14054.023
14344.000000000002,13870.656
14178.0,13812.429
14052.0,14053.788
14392.0,14310.656
14949.0,14549.418
14795.0,14664.516
14390.0,14441.283
13616.0,13848.171
12731.0,13060.357
11933.0,12230.616
11342.0,11582.184
11024.0,11277.165
10791.0,11184.241
10831.0,11098.325
11098.0,11249.213
11797.0,12089.954
13114.0,13221.385
13627.0,13753.359
13807.0,13740.016
13857.999999999998,13657.73
14293.0,13966.032
14321.0,13991.333
14381.0,13943.224
14344.000000000002,13837.355
14178.0,13721.631
14052.0,13851.133
14392.0,14180.356
14949.0,14379.828
14795.0,14465.892
14390.0,14389.203
13616.0,13875.196
12731.0,13061.71
11933.0,12288.863
11342.0,11658.575
11024.0,11312.802
10791.0,11155.363
10831.0,11104.274
11098.0,11349.522
11797.0,12121.087
13114.0,13170.208
13627.0,13813.57
13807.0,13858.228
13857.999999999998,13730.234
14069.0,13646.553
14321.0,14063.03
14381.0,14132.395
14344.000000000002,14075.787
14178.0,14108.616
14052.0,14211.757
14392.0,14385.6045
14949.0,14628.928
14795.0,14715.726
14390.0,14493.539
13616.0,13925.584
12731.0,13005.512
11933.0,12168.611
11342.0,11680.984
11024.0,11346.817
10791.0,11136.025
10831.0,11021.559
11098.0,11301.273
11797.0,12185.834
13114.0,13259.287
13627.0,13882.901
13807.0,13965.427
13857.999999999998,13900.796
14069.0,13913.982
14108.999999999998,13931.887
14381.0,14239.8
14344.000000000002,14127.179
14178.0,14034.062
14052.0,14227.637
14392.0,14439.161
14949.0,14564.336
14795.0,14652.481
14390.0,14460.384
13616.0,13861.557
12731.0,13003.744
11933.0,12087.924
11342.0,11494.141
11024.0,11297.679
10791.0,11160.137
10831.0,11022.7
11098.0,11218.189
11797.0,12147.929
13114.0,13375.06
13627.0,14057.957
13807.0,14101.574
13857.999999999998,14037.875
14069.0,14004.941
14108.999999999998,14034.633
14233.0,14106.27
14344.000000000002,14230.461
14178.0,14214.949
14052.0,14268.547
14392.0,14405.6
14949.0,14536.217
14795.0,14662.791
14390.0,14510.17
13616.0,13837.425
12731.0,12965.858
11933.0,12209.478
11342.0,11586.357
11024.0,11268.934
10791.0,11215.454
10831.0,11127.418
11098.0,11303.561
11797.0,12164.928
13114.0,13391.919
13627.0,14153.843
13807.0,14238.923
13857.999999999998,14104.356
14069.0,14089.543
14108.999999999998,14027.652
14233.0,14043.864
14284.0,14089.18
14178.0,14245.681
14052.0,14438.298
14392.0,14646.146
14949.0,14679.562
14795.0,14650.708
14390.0,14558.679
13616.0,14011.626
12731.0,13028.641
11933.0,12165.481
11342.0,11692.242
11024.0,11357.0205
10791.0,11127.446
10831.0,11081.382
11098.0,11331.7705
11797.0,12214.382
13114.0,13419.807
13627.0,14170.114
13807.0,14300.806
13857.999999999998,14229.439
14069.0,14154.134
14108.999999999998,14099.949
14233.0,14074.79
14284.0,14107.699
14206.0,14071.575
14052.0,14292.161
14392.0,14520.659
14949.0,14747.301
14795.0,14823.43
14390.0,14582.15
13616.0,13939.906
12731.0,13054.038
11933.0,12239.636
11342.0,11656.6045
11024.0,11368.109
10791.0,11167.861
10831.0,11014.187
11098.0,11260.383
11797.0,12194.082
13114.0,13475.113
13627.0,14225.706
13807.0,14319.337
13857.999999999998,14252.674
14069.0,14216.788
14108.999999999998,14126.846
14233.0,14086.546
14284.0,14166.448
14206.0,14202.453
14044.999999999998,14160.984
14392.0,14384.384
14949.0,14656.522
14795.0,14726.812
14390.0,14547.524
13616.0,13921.509
12731.0,12983.364
11933.0,12177.808
11342.0,11723.314
11024.0,11395.039
10791.0,11119.278
10831.0,11018.477
11098.0,11306.991
11797.0,12200.036
13114.0,13354.529
13627.0,14124.176
13807.0,14202.39
13857.999999999998,14095.939
14069.0,14120.011
14108.999999999998,14166.871
14233.0,14099.167
14284.0,14058.967
14206.0,14106.722
14044.999999999998,14177.31
13964.999999999998,14223.5625
14949.0,14874.422
14795.0,15024.91
14390.0,14655.583
13616.0,13993.226
12731.0,13117.278
11933.0,12305.306
11342.0,11768.681
11024.0,11522.92
10791.0,11358.706
10831.0,11284.938
11098.0,11585.671
11797.0,12466.493
13114.0,13640.953
13627.0,14334.778
13807.0,14404.415
13857.999999999998,14251.441
14069.0,14262.366
14108.999999999998,14359.646
14233.0,14410.625
14284.0,14335.796
14206.0,14288.329
14044.999999999998,14246.174
13964.999999999998,14303.716
14417.0,14554.444
14795.0,15131.815
14390.0,14773.725
13616.0,14022.339
12731.0,13235.496
11933.0,12449.987
11342.0,11900.053
11024.0,11631.959
10791.0,11482.231
10831.0,11468.946
11098.0,11844.099
11797.0,12742.263
13114.0,13800.978
13627.0,14504.346
13807.0,14594.299
13857.999999999998,14450.386
14069.0,14404.304
14108.999999999998,14481.104
14233.0,14509.937
14284.0,14459.516
14206.0,14345.414
14044.999999999998,14349.538
13964.999999999998,14354.306
14417.0,14598.375
14775.000000000002,15070.1875
14390.0,14584.12
13616.0,13916.3
12731.0,13104.36
11933.0,12402.161
11342.0,11864.921
11024.0,11522.154
10791.0,11274.239
10831.0,11218.738
11098.0,11700.983
11797.0,12704.335
13114.0,13838.823
13627.0,14454.894
13807.0,14521.508
13857.999999999998,14359.437
14069.0,14326.992
14108.999999999998,14409.544
14233.0,14467.636
14284.0,14392.435
14206.0,14281.486
14044.999999999998,14201.071
13964.999999999998,14290.087
14417.0,14621.108
14775.000000000002,15122.368
14619.999999999998,15165.839
13616.0,13874.727
12731.0,13047.697
11933.0,12223.55
11342.0,11651.862
11024.0,11339.263
10791.0,11171.595
10831.0,11113.413
11098.0,11479.276
11797.0,12463.074
13114.0,13637.372
13627.0,14391.23
13807.0,14454.242
13857.999999999998,14297.731
14069.0,14274.6045
14108.999999999998,14311.407
14233.0,14258.203
14284.0,14178.47
14206.0,14123.102
14044.999999999998,14081.43
13964.999999999998,14151.683
14417.0,14481.311
14775.000000000002,14954.587
14619.999999999998,15097.629
14184.0,14620.85
12731.0,12882.825
11933.0,12082.534
11342.0,11527.557
11024.0,11189.535
10791.0,10987.139
10831.0,10996.78
11098.0,11365.404
11797.0,12249.388
13114.0,13384.658
13627.0,14129.929
13807.0,14272.175
13857.999999999998,14179.529
14069.0,14232.212
14108.999999999998,14325.178
14233.0,14318.369
14284.0,14259.03
14206.0,14162.905
14044.999999999998,14106.975
13964.999999999998,14188.432
14417.0,14499.118
14775.000000000002,14882.478
14619.999999999998,15061.302
14184.0,14757.279
13573.0,13946.958
11933.0,12005.885
11342.0,11444.395
11024.0,11104.733
10791.0,10885.249
10831.0,10875.183
11098.0,11344.249
11797.0,12243.541
13114.0,13251.702
13627.0,13995.929
13807.0,14280.604
13857.999999999998,14253.705
14069.0,14216.746
14108.999999999998,14312.378
14233.0,14408.666
14284.0,14408.578
14206.0,14325.263
14044.999999999998,14198.8545
13964.999999999998,14239.362
14417.0,14498.23
14775.000000000002,14868.678
14619.999999999998,14989.568
14184.0,14689.923
13573.0,13999.202
12719.0,13108.693
11342.0,11333.029
11024.0,11037.965
10791.0,10828.822
10831.0,10778.959
11098.0,11213.141
11797.0,12194.423
13114.0,13215.205
13627.0,13869.93
13807.0,14176.373
13857.999999999998,14276.15
14069.0,14288.924
14108.999999999998,14301.509
14233.0,14385.623
14284.0,14452.386
14206.0,14426.628
14044.999999999998,14332.011
13964.999999999998,14305.829
14417.0,14547.014
14775.000000000002,14869.466
14619.999999999998,14972.888
14184.0,14603.423
13573.0,13906.953
12719.0,13061.25
11825.0,12296.118
11024.0,10907.359
10791.0,10775.151
10831.0,10748.807
11098.0,11105.701
11797.0,12063.153
13114.0,13178.816
13627.0,13836.998
13807.0,14042.975
13857.999999999998,14120.714
14069.0,14192.41
14108.999999999998,14264.3545
14233.0,14334.564
14284.0,14413.103
14206.0,14405.445
14044.999999999998,14365.943
13964.999999999998,14427.705
14417.0,14639.316
14775.000000000002,14950.95
14619.999999999998,15023.651
14184.0,14642.083
13573.0,13831.228
12719.0,12980.681
11825.0,12247.279
11272.0,11731.756
10791.0,10712.865
10831.0,10752.453
11098.0,11156.798
11797.0,12071.462
13114.0,13216.142
13627.0,13940.308
13807.0,14114.415
13857.999999999998,14102.209
14069.0,14113.793
14108.999999999998,14158.817
14233.0,14244.024
14284.0,14340.094
14206.0,14388.152
14044.999999999998,14327.285
13964.999999999998,14340.946
14417.0,14629.247
14775.000000000002,15006.401
14619.999999999998,15086.891
14184.0,14644.593
13573.0,13872.354
12719.0,12955.141
11825.0,12183.449
11272.0,11674.112
10972.0,11410.179
10831.0,10619.634
11098.0,11103.642
11797.0,12101.064
13114.0,13171.207
13627.0,13843.013
13807.0,14052.99
13857.999999999998,14144.833
14069.0,14209.288
14108.999999999998,14181.135
14233.0,14195.029
14284.0,14301.065
14206.0,14344.977
14044.999999999998,14306.269
13964.999999999998,14336.778
14417.0,14538.498
14775.000000000002,14831.113
14619.999999999998,14981.297
14184.0,14691.365
13573.0,13884.275
12719.0,12936.334
11825.0,12141.019
11272.0,11616.352
10972.0,11302.246
10780.0,11128.875
11098.0,11098.588
11797.0,12017.368
13114.0,13101.032
13627.0,13811.179
13807.0,14032.398
13857.999999999998,14087.83
14069.0,14252.503
14108.999999999998,14366.513
14233.0,14324.993
14284.0,14288.086
14206.0,14338.183
14044.999999999998,14368.489
13964.999999999998,14370.987
14417.0,14489.075
14775.000000000002,14756.375
14619.999999999998,14892.929
14184.0,14647.222
13573.0,13959.209
12719.0,13018.198
11825.0,12157.296
11272.0,11536.109
10972.0,11175.554
10780.0,10992.379
10796.0,11026.728
11797.0,11997.132
13114.0,13015.107
13627.0,13750.434
13807.0,14086.816
13857.999999999998,14197.572
14069.0,14278.869
14108.999999999998,14388.617
14233.0,14441.851
14284.0,14442.173
14206.0,14403.371
14044.999999999998,14402.22
13964.999999999998,14465.9375
14417.0,14598.389
14775.000000000002,14727.035
14619.999999999998,14806.971
14184.0,14632.671
13573.0,14056.295
12719.0,13130.965
11825.0,12231.9375
11272.0,11611.312
10972.0,11195.101
10780.0,10962.067
10796.0,10973.127
10994.0,11326.185
13114.0,12998.623
13627.0,13764.4
13807.0,14121.837
13857.999999999998,14328.897
14069.0,14463.98
14108.999999999998,14543.254
14233.0,14583.233
14284.0,14578.454
14206.0,14596.246
14044.999999999998,14586.088
13964.999999999998,14594.618
14417.0,14641.777
14775.000000000002,14779.271
14619.999999999998,14850.284
14184.0,14676.271
13573.0,14114.598
12719.0,13285.192
11825.0,12403.138
11272.0,11758.586
10972.0,11395.921
10780.0,11145.847
10796.0,11064.3
10994.0,11377.478
11752.0,12126.019
13627.0,13818.607
13807.0,14123.318
13857.999999999998,14294.352
14069.0,14506.515
14108.999999999998,14625.412
14233.0,14706.587
14284.0,14758.159
14206.0,14709.704
14044.999999999998,14721.364
13964.999999999998,14777.034
14417.0,14894.587
14775.000000000002,14983.716
14619.999999999998,15030.542
14184.0,14836.242
13573.0,14287.602
12719.0,13436.06
11825.0,12560.934
11272.0,11909.829
10972.0,11562.592
10780.0,11381.156
10796.0,11245.531
10994.0,11383.451
11752.0,12190.852
13260.0,13353.998
13807.0,13728.626
13857.999999999998,13937.239
14069.0,14184.799
14108.999999999998,14318.033
14233.0,14339.87
14284.0,14404.934
14206.0,14466.556
14044.999999999998,14484.134
13964.999999999998,14601.144
14417.0,14691.29
14775.000000000002,14756.533
14619.999999999998,14737.436
14184.0,14598.153
13573.0,13997.244
12719.0,13069.632
11825.0,12228.782
11272.0,11660.215
10972.0,11279.611
10780.0,11043.0
10796.0,11020.553
10994.0,11284.956
11752.0,12064.568
13260.0,13181.519
13801.0,13749.213
13857.999999999998,13906.63
14069.0,14084.689
14108.999999999998,14257.278
14233.0,14439.428
14284.0,14503.164
14206.0,14473.725
14044.999999999998,14479.602
13964.999999999998,14606.752
14417.0,14819.296
14775.000000000002,14915.158
14619.999999999998,14884.427
14184.0,14711.135
13573.0,14194.005
12719.0,13233.007
11825.0,12207.616
11272.0,11535.827
10972.0,11250.67
10780.0,11101.586
10796.0,10934.354
10994.0,11163.828
11752.0,12066.235
13260.0,13180.488
13801.0,13781.894
14062.999999999998,13914.355
14069.0,14079.572
14108.999999999998,14108.8545
14233.0,14173.334
14284.0,14246.04
14206.0,14187.522
14044.999999999998,14187.026
13964.999999999998,14363.224
14417.0,14509.777
14775.000000000002,14624.575
14619.999999999998,14723.585
14184.0,14624.041
13573.0,14118.844
12719.0,13204.944
11825.0,12245.358
11272.0,11565.057
10972.0,11190.206
10780.0,11053.148
10796.0,11079.632
10994.0,11322.073
11752.0,12084.668
13260.0,13149.941
13801.0,13789.303
14062.999999999998,13923.952
14317.000000000002,13979.24
14108.999999999998,14139.841
14233.0,14219.878
14284.0,14197.412
14206.0,14114.7
14044.999999999998,14088.321
13964.999999999998,14229.479
14417.0,14425.474
14775.000000000002,14525.307
14619.999999999998,14646.667
14184.0,14654.174
13573.0,14150.241
12719.0,13261.616
11825.0,12319.053
11272.0,11581.259
10972.0,11231.537
10780.0,11047.731
10796.0,10973.663
10994.0,11283.563
11752.0,12103.094
13260.0,13117.243
13801.0,13803.674
14062.999999999998,14029.754
14317.000000000002,14072.455
14542.0,14111.1455
14233.0,14217.002
14284.0,14261.153
14206.0,14137.995
14044.999999999998,14051.448
13964.999999999998,14076.798
14417.0,14205.702
14775.000000000002,14426.069
14619.999999999998,14578.475
14184.0,14493.352
13573.0,14007.778
12719.0,13064.497
11825.0,12139.756
11272.0,11519.84
10972.0,11135.007
10780.0,10966.711
10796.0,10873.411
10994.0,11175.11
11752.0,12108.3125
13260.0,13184.225
13801.0,13822.358
14062.999999999998,14054.136
14317.000000000002,14144.75
14542.0,14153.468
14680.0,14124.52
14284.0,14294.666
14206.0,14221.51
14044.999999999998,14067.719
13964.999999999998,14101.706
14417.0,14208.598
14775.000000000002,14353.212
14619.999999999998,14579.145
14184.0,14552.001
13573.0,13970.475
12719.0,13033.752
11825.0,12064.291
11272.0,11429.474
10972.0,11124.168
10780.0,10947.46
10796.0,10911.017
10994.0,11144.127
11752.0,12014.12
13260.0,13232.98
13801.0,13988.863
14062.999999999998,14162.682
14317.000000000002,14231.716
14542.0,14271.272
14680.0,14252.467
14759.0,14271.197
14206.0,14192.636
14044.999999999998,14122.692
13964.999999999998,14068.158
14417.0,14120.587
14775.000000000002,14270.136
14619.999999999998,14484.883
14184.0,14458.677
13573.0,13865.643
12719.0,12908.531
11825.0,12021.936
11272.0,11354.596
10972.0,11001.529
10780.0,10856.4795
10796.0,10793.041
10994.0,11119.536
11752.0,12017.26
13260.0,13182.874
13801.0,13958.319
14062.999999999998,14159.374
14317.000000000002,14194.472
14542.0,14296.806
14680.0,14266.891
14759.0,14257.3545
14840.0,14262.483
14044.999999999998,13994.902
13964.999999999998,14065.235
14417.0,14215.419
14775.000000000002,14302.141
14619.999999999998,14398.151
14184.0,14415.651
13573.0,13918.274
12719.0,12873.653
11825.0,11855.639
11272.0,11288.273
10972.0,10956.21
10780.0,10688.267
10796.0,10573.336
10994.0,10901.233
11752.0,11921.201
13260.0,13134.247
13801.0,13868.605
14062.999999999998,14054.651
14317.000000000002,14073.464
14542.0,14131.229
14680.0,14180.58
14759.0,14159.428
14840.0,14172.88
14745.999999999998,14098.607
13964.999999999998,13938.253
14417.0,14036.97
14775.000000000002,14304.243
14619.999999999998,14548.585
14184.0,14451.398
13573.0,13853.1455
12719.0,12929.772
11825.0,11990.781
11272.0,11257.749
10972.0,10927.498
10780.0,10754.1875
10796.0,10565.222
10994.0,10757.946
11752.0,11766.663
13260.0,13149.668
13801.0,13898.785
14062.999999999998,14006.917
14317.000000000002,14033.849
14542.0,14091.84
14680.0,14090.449
14759.0,14091.25
14840.0,14113.144
14745.999999999998,14082.169
14648.000000000002,13982.759
14417.0,14068.8545
14775.000000000002,14262.828
14619.999999999998,14489.795
14184.0,14521.55
13573.0,13943.491
12719.0,12881.586
11825.0,11959.468
11272.0,11438.981
10972.0,11082.34
10780.0,10833.991
10796.0,10729.421
10994.0,10951.106
11752.0,11823.891
13260.0,13080.321
13801.0,13955.386
14062.999999999998,14072.912
14317.000000000002,14013.224
14542.0,14090.248
14680.0,14138.098
14759.0,14112.811
14840.0,14085.984
14745.999999999998,14010.966
14648.000000000002,13954.47
14515.000000000002,13929.086
14775.000000000002,14704.805
14619.999999999998,14873.816
14184.0,14740.326
13573.0,14191.206
12719.0,13205.939
11825.0,12203.548
11272.0,11580.108
10972.0,11343.839
10780.0,11209.377
10796.0,11127.958
10994.0,11383.572
11752.0,12255.316
13260.0,13493.981
13801.0,14268.205
14062.999999999998,14404.559
14317.000000000002,14345.365
14542.0,14428.121
14680.0,14514.529
14759.0,14517.362
14840.0,14476.99
14745.999999999998,14400.228
14648.000000000002,14202.873
14515.000000000002,14179.678
14889.999999999998,14392.969
14619.999999999998,14902.818
14184.0,14721.138
13573.0,14223.625
12719.0,13382.325
11825.0,12379.623
11272.0,11700.697
10972.0,11445.113
10780.0,11341.968
10796.0,11292.714
10994.0,11571.506
11752.0,12488.815
13260.0,13662.733
13801.0,14432.559
14062.999999999998,14524.07
14317.000000000002,14465.442
14542.0,14567.522
14680.0,14693.552
14759.0,14663.161
14840.0,14576.101
14745.999999999998,14490.069
14648.000000000002,14429.116
14515.000000000002,14340.468
14889.999999999998,14519.691
15202.999999999998,14770.372
14184.0,14626.146
13573.0,14127.836
12719.0,13294.054
11825.0,12420.887
11272.0,11733.855
10972.0,11322.822
10780.0,11080.727
10796.0,11013.383
10994.0,11388.148
11752.0,12327.918
13260.0,13547.07
13801.0,14278.959
14062.999999999998,14399.4375
14317.000000000002,14333.302
14542.0,14433.923
14680.0,14522.712
14759.0,14515.145
14840.0,14444.933
14745.999999999998,14365.144
14648.000000000002,14294.835
14515.000000000002,14371.738
14889.999999999998,14617.602
15202.999999999998,14885.48
14946.0,14816.872
13573.0,13923.342
12719.0,13145.933
11825.0,12187.294
11272.0,11465.062
10972.0,11088.861
10780.0,10877.557
10796.0,10759.619
10994.0,11057.32
11752.0,12032.93
13260.0,13215.154
13801.0,13976.4375
14062.999999999998,14138.725
14317.000000000002,14155.912
14542.0,14251.402
14680.0,14332.907
14759.0,14304.468
14840.0,14258.069
14745.999999999998,14229.626
14648.000000000002,14210.618
14515.000000000002,14297.674
14889.999999999998,14588.412
15202.999999999998,14888.58
14946.0,14878.293
14542.0,14472.47
12719.0,12871.458
11825.0,11995.977
11272.0,11273.763
10972.0,10823.713
10780.0,10623.001
10796.0,10605.373
10994.0,10882.86
11752.0,11721.493
13260.0,12963.285
13801.0,13800.236
14062.999999999998,13945.762
14317.000000000002,13904.507
14542.0,14088.477
14680.0,14274.279
14759.0,14325.656
14840.0,14323.906
14745.999999999998,14264.826
14648.000000000002,14224.676
14515.000000000002,14332.11
14889.999999999998,14610.548
15202.999999999998,14865.733
14946.0,14888.153
14542.0,14564.56
13910.0,13859.923
11825.0,11957.738
11272.0,11265.518
10972.0,10790.169
10780.0,10492.832
10796.0,10455.486
10994.0,10850.951
11752.0,11699.33
13260.0,12762.034
13801.0,13668.176
14062.999999999998,14059.767
14317.000000000002,14041.469
14542.0,14026.796
14680.0,14219.511
14759.0,14409.595
14840.0,14478.536
14745.999999999998,14463.656
14648.000000000002,14400.561
14515.000000000002,14453.521
14889.999999999998,14657.585
15202.999999999998,14913.389
14946.0,14941.18
14542.0,14630.022
13910.0,13980.158
12988.0,13105.439
11272.0,11213.202
10972.0,10785.672
10780.0,10492.941
10796.0,10373.319
10994.0,10716.9795
11752.0,11627.105
13260.0,12725.968
13801.0,13519.404
14062.999999999998,13953.487
14317.000000000002,14127.848
14542.0,14160.583
14680.0,14188.327
14759.0,14355.738
14840.0,14526.13
14745.999999999998,14575.819
14648.000000000002,14557.718
14515.000000000002,14566.002
14889.999999999998,14690.251
15202.999999999998,14833.451
14946.0,14881.154
14542.0,14577.988
13910.0,13922.175
12988.0,13062.889
12213.0,12251.26
10972.0,10762.378
10780.0,10547.986
10796.0,10444.69
10994.0,10726.104
11752.0,11644.753
13260.0,12765.114
13801.0,13524.65
14062.999999999998,13846.247
14317.000000000002,14038.262
14542.0,14171.739
14680.0,14246.597
14759.0,14331.228
14840.0,14491.124
14745.999999999998,14555.267
14648.000000000002,14570.4375
14515.000000000002,14705.965
14889.999999999998,14863.632
15202.999999999998,14917.593
14946.0,14833.129
14542.0,14575.583
13910.0,13875.642
12988.0,12942.116
12213.0,12101.179
11610.0,11541.831
10780.0,10622.55
10796.0,10592.937
10994.0,10880.915
11752.0,11718.947
13260.0,12917.4795
13801.0,13714.372
14062.999999999998,13951.803
14317.000000000002,14005.384
14542.0,14119.787
14680.0,14212.189
14759.0,14283.572
14840.0,14397.249
14745.999999999998,14525.958
14648.000000000002,14518.332
14515.000000000002,14543.794
14889.999999999998,14822.742
15202.999999999998,15069.179
14946.0,14930.6875
14542.0,14460.325
13910.0,13866.357
12988.0,12980.595
12213.0,12052.344
11610.0,11425.256
11293.0,11160.951
10796.0,10607.348
10994.0,10960.059
11752.0,11839.776
13260.0,12920.981
13801.0,13711.389
14062.999999999998,13976.121
14317.000000000002,14088.054
14542.0,14200.505
14680.0,14254.001
14759.0,14294.753
14840.0,14378.27
14745.999999999998,14432.439
14648.000000000002,14477.821
14515.000000000002,14560.004
14889.999999999998,14688.591
15202.999999999998,14850.953
14946.0,14890.225
14542.0,14530.957
13910.0,13763.413
12988.0,12936.573
12213.0,12129.874
11610.0,11465.453
11293.0,11076.734
11056.0,10946.147
10994.0,11023.296
11752.0,11803.337
13260.0,12857.16
13801.0,13664.7
14062.999999999998,14001.221
14317.000000000002,14082.079
14542.0,14270.838
14680.0,14433.692
14759.0,14440.863
14840.0,14430.248
14745.999999999998,14490.463
14648.000000000002,14522.636
14515.000000000002,14567.598
14889.999999999998,14698.91
15202.999999999998,14835.394
14946.0,14796.125
14542.0,14498.016
13910.0,13849.705
12988.0,12953.221
12213.0,12142.1045
11610.0,11502.192
11293.0,11053.547
11056.0,10833.768
11010.0,10867.198
11752.0,11836.213
13260.0,12777.95
13801.0,13565.617
14062.999999999998,14017.546
14317.000000000002,14213.444
14542.0,14316.171
14680.0,14470.624
14759.0,14576.538
14840.0,14590.812
14745.999999999998,14570.516
14648.000000000002,14605.13
14515.000000000002,14665.606
14889.999999999998,14773.749
15202.999999999998,14846.339
14946.0,14800.463
14542.0,14518.851
13910.0,13956.727
12988.0,13097.101
12213.0,12215.643
11610.0,11611.688
11293.0,11187.342
11056.0,10896.073
11010.0,10853.616
11124.0,11141.389
13260.0,12932.74
13801.0,13676.758
14062.999999999998,14106.605
14317.000000000002,14406.628
14542.0,14595.152
14680.0,14676.294
14759.0,14746.655
14840.0,14789.343
14745.999999999998,14802.248
14648.000000000002,14797.915
14515.000000000002,14837.655
14889.999999999998,14873.898
15202.999999999998,14947.158
14946.0,14924.623
14542.0,14656.322
13910.0,14064.625
12988.0,13292.899
12213.0,12467.766
11610.0,11807.115
11293.0,11447.535
11056.0,11211.341
11010.0,11072.971
11124.0,11284.524
11832.0,11971.446
13801.0,13831.804
14062.999999999998,14146.333
14317.000000000002,14378.477
14542.0,14633.777
14680.0,14806.375
14759.0,14909.52
14840.0,14964.734
14745.999999999998,14926.399
14648.000000000002,14932.99
14515.000000000002,15014.199
14889.999999999998,15178.474
15202.999999999998,15252.05
14946.0,15202.218
14542.0,14919.726
13910.0,14365.412
12988.0,13568.536
12213.0,12754.134
11610.0,12126.831
11293.0,11750.299
11056.0,11569.635
11010.0,11433.137
11124.0,11487.861
11832.0,12175.348
13175.0,13289.857
14062.999999999998,13765.125
14317.000000000002,13970.688
14542.0,14245.102
14680.0,14368.221
14759.0,14454.397
14840.0,14610.5625
14745.999999999998,14682.799
14648.000000000002,14648.139
14515.000000000002,14775.706
14889.999999999998,14947.12
15202.999999999998,15002.873
14946.0,14836.634
14542.0,14624.94
13910.0,14125.883
12988.0,13307.291
12213.0,12494.042
11610.0,11930.891
11293.0,11545.851
11056.0,11291.604
11010.0,11272.601
11124.0,11492.865
11832.0,12197.919
13175.0,13282.662
13731.999999999998,13784.416
14317.000000000002,14075.84
14542.0,14292.307
14680.0,14505.338
14759.0,14697.016
14840.0,14818.756
14745.999999999998,14847.077
14648.000000000002,14844.089
14515.000000000002,14938.453
14889.999999999998,15119.824
15202.999999999998,15179.186
14946.0,15106.188
14542.0,14918.658
13910.0,14420.149
12988.0,13526.327
12213.0,12540.008
11610.0,11837.617
11293.0,11465.817
11056.0,11264.757
11010.0,11103.389
11124.0,11334.473
11832.0,12195.998
13175.0,13290.211
13731.999999999998,13917.492
13949.000000000002,14081.199
14542.0,14507.009
14680.0,14638.302
14759.0,14761.202
14840.0,14851.257
14745.999999999998,14836.33
14648.000000000002,14831.785
14515.000000000002,14941.838
14889.999999999998,15037.302
15202.999999999998,15053.856
14946.0,15019.537
14542.0,14881.612
13910.0,14465.164
12988.0,13583.998
12213.0,12596.775
11610.0,11880.398
11293.0,11467.048
11056.0,11262.039
11010.0,11255.047
11124.0,11470.611
11832.0,12164.76
13175.0,13185.493
13731.999999999998,13872.719
13949.000000000002,14091.49
14210.0,14185.404
14680.0,14694.957
14759.0,14811.467
14840.0,14808.859
14745.999999999998,14734.984
14648.000000000002,14729.109
14515.000000000002,14826.533
14889.999999999998,14911.487
15202.999999999998,14927.869
14946.0,14969.058
14542.0,14912.596
13910.0,14411.355
12988.0,13585.486
12213.0,12633.967
11610.0,11866.786
11293.0,11496.424
11056.0,11297.296
11010.0,11177.007
11124.0,11428.062
11832.0,12165.23
13175.0,13104.394
13731.999999999998,13798.047
13949.000000000002,14110.583
14210.0,14219.649
14271.000000000002,14248.901
14759.0,14900.428
14840.0,14933.393
14745.999999999998,14802.603
14648.000000000002,14721.129
14515.000000000002,14741.362
14889.999999999998,14786.883
15202.999999999998,14863.984
14946.0,14936.873
14542.0,14848.026
13910.0,14386.888
12988.0,13442.97
12213.0,12500.752
11610.0,11805.781
11293.0,11370.109
11056.0,11193.768
11010.0,11101.25
11124.0,11318.638
11832.0,12105.856
13175.0,13111.62
13731.999999999998,13819.417
13949.000000000002,14147.562
14210.0,14273.55
14271.000000000002,14268.489
14353.000000000002,14201.768
14840.0,14864.606
14745.999999999998,14784.85
14648.000000000002,14655.486
14515.000000000002,14692.547
14889.999999999998,14705.987
15202.999999999998,14719.337
14946.0,14897.925
14542.0,14901.683
13910.0,14325.192
12988.0,13384.349
12213.0,12410.764
11610.0,11752.732
11293.0,11366.662
11056.0,11144.887
11010.0,11101.374
11124.0,11286.939
11832.0,12012.58
13175.0,13074.738
13731.999999999998,13824.55
13949.000000000002,14145.168
14210.0,14324.548
14271.000000000002,14365.636
14353.000000000002,14282.284
14298.000000000002,14212.218
14745.999999999998,14648.108
14648.000000000002,14594.4795
14515.000000000002,14577.344
14889.999999999998,14646.698
15202.999999999998,14697.619
14946.0,14794.287
14542.0,14794.646
13910.0,14293.216
12988.0,13305.288
12213.0,12339.051
11610.0,11646.459
11293.0,11315.7295
11056.0,11140.344
11010.0,11017.407
11124.0,11268.184
11832.0,12052.694
13175.0,13104.131
13731.999999999998,13835.595
13949.000000000002,14096.001
14210.0,14236.708
14271.000000000002,14387.853
14353.000000000002,14359.77
14298.000000000002,14306.0205
14263.000000000002,14252.206
14648.000000000002,14470.099
14515.000000000002,14536.188
14889.999999999998,14663.876
15202.999999999998,14731.44
14946.0,14767.34
14542.0,14727.747
13910.0,14264.971
12988.0,13280.926
12213.0,12217.692
11610.0,11553.735
11293.0,11211.387
11056.0,11034.854
11010.0,10935.629
11124.0,11132.586
11832.0,11972.529
13175.0,13100.564
13731.999999999998,13876.351
13949.000000000002,14134.265
14210.0,14196.288
14271.000000000002,14280.891
14353.000000000002,14340.689
14298.000000000002,14304.866
14263.000000000002,14259.58
14058.0,14132.757
14515.000000000002,14515.368
14889.999999999998,14571.337
15202.999999999998,14760.355
14946.0,14952.23
14542.0,14828.388
13910.0,14226.305
12988.0,13330.693
12213.0,12400.384
11610.0,11597.996
11293.0,11186.966
11056.0,11025.427
11010.0,10913.73
11124.0,11066.093
11832.0,11919.695
13175.0,13174.011
13731.999999999998,13920.846
13949.000000000002,14109.115
14210.0,14206.726
14271.000000000002,14291.979
14353.000000000002,14295.699
14298.000000000002,14292.919
14263.000000000002,14265.731
14058.0,14144.675
13748.999999999998,14024.032
14889.999999999998,14544.908
15202.999999999998,14681.028
14946.0,14862.433
14542.0,14870.873
13910.0,14288.564
12988.0,13232.805
12213.0,12322.311
11610.0,11777.961
11293.0,11343.471
11056.0,11043.884
11010.0,10964.925
11124.0,11197.423
11832.0,11943.203
13175.0,13081.429
13731.999999999998,13989.201
13949.000000000002,14221.283
14210.0,14220.124
14271.000000000002,14293.348
14353.000000000002,14317.103
14298.000000000002,14287.252
14263.000000000002,14265.495
14058.0,14140.226
13748.999999999998,13991.195
13663.0,13924.826
15202.999999999998,15102.059
14946.0,15219.887
14542.0,15085.575
13910.0,14559.482
12988.0,13576.482
12213.0,12535.626
11610.0,11884.768
11293.0,11622.241
11056.0,11434.786
11010.0,11317.382
11124.0,11547.769
11832.0,12328.4375
13175.0,13427.109
13731.999999999998,14216.904
13949.000000000002,14508.948
14210.0,14539.931
14271.000000000002,14598.617
14353.000000000002,14647.338
14298.000000000002,14613.704
14263.000000000002,14553.72
14058.0,14469.229
13748.999999999998,14230.386
13663.0,14128.001
14116.999999999998,14299.022
14946.0,15180.367
14542.0,14971.188
13910.0,14516.805
12988.0,13682.076
12213.0,12633.162
11610.0,11890.312
11293.0,11615.311
11056.0,11520.38
11010.0,11449.078
11124.0,11624.421
11832.0,12376.517
13175.0,13446.282
13731.999999999998,14245.085
13949.000000000002,14467.91
14210.0,14515.942
14271.000000000002,14629.295
14353.000000000002,14715.582
14298.000000000002,14656.673
14263.000000000002,14541.39
14058.0,14446.388
13748.999999999998,14366.111
13663.0,14234.935
14116.999999999998,14382.633
14263.000000000002,14602.607
14542.0,14832.786
13910.0,14373.446
12988.0,13577.5625
12213.0,12650.271
11610.0,11873.116
11293.0,11418.548
11056.0,11195.977
11010.0,11135.908
11124.0,11419.911
11832.0,12196.509
13175.0,13322.595
13731.999999999998,14118.937
13949.000000000002,14353.705
14210.0,14353.144
14271.000000000002,14479.672
14353.000000000002,14578.564
14298.000000000002,14547.3125
14263.000000000002,14445.071
14058.0,14347.583
13748.999999999998,14257.96
13663.0,14271.059
14116.999999999998,14448.044
14263.000000000002,14659.793
13916.0,14528.107
13910.0,14262.736
12988.0,13515.339
12213.0,12497.82
11610.0,11693.633
11293.0,11264.763
11056.0,11034.004
11010.0,10905.876
11124.0,11141.357
11832.0,11994.29
13175.0,13115.222
13731.999999999998,13935.942
13949.000000000002,14197.342
14210.0,14243.145
14271.000000000002,14343.201
14353.000000000002,14441.92
14298.000000000002,14409.767
14263.000000000002,14316.14
14058.0,14242.375
13748.999999999998,14194.665
13663.0,14248.618
14116.999999999998,14457.76
14263.000000000002,14630.907
13916.0,14522.368
13552.0,14163.294
12988.0,13179.807
12213.0,12252.016
11610.0,11437.25
11293.0,10932.525
11056.0,10728.056
11010.0,10678.431
11124.0,10873.137
11832.0,11636.973
13175.0,12868.336
13731.999999999998,13752.736
13949.000000000002,13968.973
14210.0,13988.972
14271.000000000002,14182.217
14353.000000000002,14357.12
14298.000000000002,14403.068
14263.000000000002,14386.275
14058.0,14290.665
13748.999999999998,14212.257
13663.0,14296.832
14116.999999999998,14523.3
14263.000000000002,14656.0625
13916.0,14557.912
13552.0,14224.506
13110.0,13609.0625
12213.0,12158.432
11610.0,11394.827
11293.0,10872.961
11056.0,10562.501
11010.0,10517.516
11124.0,10836.76
11832.0,11572.68
13175.0,12602.045
13731.999999999998,13568.606
13949.000000000002,14034.082
14210.0,14072.171
14271.000000000002,14101.1455
14353.000000000002,14296.749
14298.000000000002,14467.684
14263.000000000002,14514.131
14058.0,14477.591
13748.999999999998,14407.956
13663.0,14453.977
14116.999999999998,14611.933
14263.000000000002,14761.111
13916.0,14672.965
13552.0,14319.799
13110.0,13706.82
12426.0,12876.579
11610.0,11444.071
11293.0,10971.427
11056.0,10667.353
11010.0,10561.09
11124.0,10885.811
11832.0,11689.409
13175.0,12680.543
13731.999999999998,13466.363
13949.000000000002,13958.349
14210.0,14171.199
14271.000000000002,14225.315
14353.000000000002,14284.837
14298.000000000002,14454.178
14263.000000000002,14588.529
14058.0,14592.689
13748.999999999998,14551.619
13663.0,14565.932
14116.999999999998,14672.481
14263.000000000002,14739.781
13916.0,14688.134
13552.0,14325.786
13110.0,13673.745
12426.0,12868.077
11600.0,12121.753
11293.0,11031.52
11056.0,10778.64
11010.0,10669.131
11124.0,10942.809
11832.0,11805.445
13175.0,12824.492
13731.999999999998,13537.138
13949.000000000002,13886.673
14210.0,14111.081
14271.000000000002,14234.154
14353.000000000002,14293.357
14298.000000000002,14383.715
14263.000000000002,14528.417
14058.0,14553.9
13748.999999999998,14531.327
13663.0,14645.816
14116.999999999998,14786.681
14263.000000000002,14793.367
13916.0,14641.475
13552.0,14340.383
13110.0,13650.409
12426.0,12758.191
11600.0,11973.214
11017.0,11465.311
11056.0,10889.595
11010.0,10838.3
11124.0,11095.987
11832.0,11858.108
13175.0,12977.197
13731.999999999998,13750.112
13949.000000000002,14022.857
14210.0,14103.804
14271.000000000002,14215.513
14353.000000000002,14277.26
14298.000000000002,14315.639
14263.000000000002,14411.276
14058.0,14519.388
13748.999999999998,14487.197
13663.0,14484.38
14116.999999999998,14714.638
14263.000000000002,14898.14
13916.0,14710.225
13552.0,14229.383
13110.0,13657.551
12426.0,12811.842
11600.0,11914.545
11017.0,11305.67
10645.0,11057.67
11010.0,10842.062
11124.0,11135.802
11832.0,11911.617
13175.0,12882.326
13731.999999999998,13656.879
13949.000000000002,13988.023
14210.0,14143.931
14271.000000000002,14236.376
14353.000000000002,14266.478
14298.000000000002,14281.714
14263.000000000002,14331.077
14058.0,14361.148
13748.999999999998,14400.483
13663.0,14469.06
14116.999999999998,14558.199
14263.000000000002,14654.363
13916.0,14641.018
13552.0,14282.656
13110.0,13563.621
12426.0,12787.972
11600.0,12015.788
11017.0,11373.047
10645.0,10980.1875
10422.0,10830.411
11124.0,11183.542
11832.0,11832.0625
13175.0,12760.177
13731.999999999998,13530.957
13949.000000000002,13927.1045
14210.0,14057.792
14271.000000000002,14225.94
14353.000000000002,14336.427
14298.000000000002,14313.394
14263.000000000002,14281.926
14058.0,14317.385
13748.999999999998,14322.813
13663.0,14367.622
14116.999999999998,14520.156
14263.000000000002,14653.448
13916.0,14571.529
13552.0,14251.119
13110.0,13657.095
12426.0,12855.327
11600.0,12119.907
11017.0,11514.872
10645.0,11087.05
10422.0,10852.425
10379.0,10833.558
11832.0,11869.72
13175.0,12680.501
13731.999999999998,13441.383
13949.000000000002,13939.348
14210.0,14155.907
14271.000000000002,14227.997
14353.000000000002,14338.403
14298.000000000002,14397.864
14263.000000000002,14359.254
14058.0,14308.303
13748.999999999998,14342.348
13663.0,14396.123
14116.999999999998,14511.998
14263.000000000002,14632.026
13916.0,14611.34
13552.0,14303.181
13110.0,13743.697
12426.0,12989.667
11600.0,12227.813
11017.0,11688.288
10645.0,11291.959
10422.0,11023.683
10379.0,10947.729
10551.0,11131.594
13175.0,12937.198
13731.999999999998,13609.35
13949.000000000002,14083.373
14210.0,14417.49
14271.000000000002,14545.02
14353.000000000002,14547.077
14298.000000000002,14583.262
14263.000000000002,14601.448
14058.0,14550.535
13748.999999999998,14489.513
13663.0,14535.152
14116.999999999998,14616.182
14263.000000000002,14726.067
13916.0,14719.31
13552.0,14451.582
13110.0,13866.851
12426.0,13132.966
11600.0,12413.598
11017.0,11841.44
10645.0,11512.436
10422.0,11285.242
10379.0,11130.353
10551.0,11251.116
10865.0,11817.265
13731.999999999998,13859.308
13949.000000000002,14183.522
14210.0,14456.024
14271.000000000002,14684.345
14353.000000000002,14738.748
14298.000000000002,14717.987
14263.000000000002,14724.18
14058.0,14692.847
13748.999999999998,14638.949
13663.0,14600.074
14116.999999999998,14744.762
14263.000000000002,14908.183
13916.0,14928.191
13552.0,14650.682
13110.0,14111.666
12426.0,13370.82
11600.0,12607.633
11017.0,12062.899
10645.0,11764.729
10422.0,11609.524
10379.0,11454.8545
10551.0,11410.5
10865.0,11859.6045
11321.0,12740.303
13949.000000000002,13917.842
14210.0,14098.007
14271.000000000002,14341.676
14353.000000000002,14448.829
14298.000000000002,14449.996
14263.000000000002,14425.716
14058.0,14356.084
13748.999999999998,14311.603
13663.0,14433.936
14116.999999999998,14538.943
14263.000000000002,14641.565
13916.0,14608.383
13552.0,14453.78
13110.0,13970.424
12426.0,13224.435
11600.0,12475.618
11017.0,11924.479
10645.0,11634.3955
10422.0,11498.15
10379.0,11454.943
10551.0,11514.195
10865.0,11990.101
11321.0,12780.658
11789.0,13150.741
14210.0,14158.579
14271.000000000002,14284.494
14353.000000000002,14375.919
14298.000000000002,14457.828
14263.000000000002,14471.151
14058.0,14358.012
13748.999999999998,14255.068
13663.0,14369.824
14116.999999999998,14597.246
14263.000000000002,14638.771
13916.0,14585.285
13552.0,14444.753
13110.0,14001.821
12426.0,13197.801
11600.0,12324.525
11017.0,11676.638
10645.0,11293.468
10422.0,11142.224
10379.0,11026.709
10551.0,11094.015
10865.0,11602.126
11321.0,12428.026
11789.0,12980.777
12311.0,13180.232
14271.000000000002,14451.761
14353.000000000002,14555.981
14298.000000000002,14589.362
14263.000000000002,14581.886
14058.0,14466.534
13748.999999999998,14329.759
13663.0,14370.651
14116.999999999998,14548.062
14263.000000000002,14613.113
13916.0,14488.948
13552.0,14301.906
13110.0,13956.149
12426.0,13207.578
11600.0,12328.319
11017.0,11669.077
10645.0,11277.702
10422.0,11065.208
10379.0,11025.636
10551.0,11053.271
10865.0,11363.107
11321.0,12049.003
11789.0,12679.949
12311.0,12982.416
12734.0,13153.391
14353.000000000002,14351.984
14298.000000000002,14381.833
14263.000000000002,14338.253
14058.0,14234.6045
13748.999999999998,14121.341
13663.0,14122.27
14116.999999999998,14225.899
14263.000000000002,14315.31
13916.0,14296.253
13552.0,14143.053
13110.0,13735.56
12426.0,13091.301
11600.0,12270.005
11017.0,11575.839
10645.0,11217.489
10422.0,11047.409
10379.0,10953.999
10551.0,11050.628
10865.0,11365.351
11321.0,11889.093
11789.0,12470.76
12311.0,12907.918
12734.0,13089.256
12861.0,13105.012
14298.000000000002,14423.562
14263.000000000002,14359.199
14058.0,14236.08
13748.999999999998,14147.343
13663.0,14104.392
14116.999999999998,14143.996
14263.000000000002,14200.221
13916.0,14188.666
13552.0,14027.324
13110.0,13647.223
12426.0,12911.024
11600.0,12121.826
11017.0,11488.726
10645.0,11090.067
10422.0,10940.697
10379.0,10866.4375
10551.0,10904.079
10865.0,11233.596
11321.0,11801.704
11789.0,12401.187
12311.0,12827.669
12734.0,13054.085
12861.0,13081.8125
12837.0,12972.213
14263.000000000002,14407.041
14058.0,14182.254
13748.999999999998,14057.8
13663.0,14113.299
14116.999999999998,14063.611
14263.000000000002,13992.994
13916.0,14088.584
13552.0,14071.203
13110.0,13595.153
12426.0,12830.236
11600.0,11993.24
11017.0,11388.364
10645.0,11026.594
10422.0,10845.478
10379.0,10817.955
10551.0,10880.368
10865.0,11236.709
11321.0,11861.997
11789.0,12422.506
12311.0,12847.417
12734.0,13138.791
12861.0,13177.7
12837.0,12987.718
12710.0,12787.094
14058.0,14182.525
13748.999999999998,13973.29
13663.0,13974.835
14116.999999999998,14100.742
14263.000000000002,14042.335
13916.0,13954.497
13552.0,13959.941
13110.0,13653.984
12426.0,12842.579
11600.0,11959.266
11017.0,11303.624
10645.0,11006.991
10422.0,10867.461
10379.0,10728.202
10551.0,10794.397
10865.0,11161.616
11321.0,11805.71
11789.0,12421.534
12311.0,12782.061
12734.0,13035.878
12861.0,13188.685
12837.0,13081.272
12710.0,12863.055
12503.0,12676.604
13748.999999999998,13843.889
13663.0,13792.554
14116.999999999998,13936.17
14263.000000000002,13995.248
13916.0,13890.56
13552.0,13759.221
13110.0,13463.651
12426.0,12747.289
11600.0,11834.396
11017.0,11175.856
10645.0,10855.785
10422.0,10850.49
10379.0,10897.003
10551.0,10789.873
10865.0,11007.008
11321.0,11703.81
11789.0,12469.733
12311.0,12872.59
12734.0,12986.035
12861.0,13071.279
12837.0,13069.424
12710.0,12881.024
12503.0,12703.361
12392.0,12484.723
13663.0,13547.262
14116.999999999998,13629.335
14263.000000000002,13849.075
13916.0,13867.77
13552.0,13651.971
13110.0,13260.93
12426.0,12640.614
11600.0,11798.385
11017.0,11059.634
10645.0,10762.23
10422.0,10752.389
10379.0,10830.339
10551.0,10941.744
10865.0,11132.225
11321.0,11706.911
11789.0,12430.614
12311.0,12931.123
12734.0,13088.935
12861.0,13063.122
12837.0,13008.776
12710.0,12880.619
12503.0,12651.846
12392.0,12442.449
12394.0,12190.143
14116.999999999998,13710.728
14263.000000000002,13806.848
13916.0,13951.085
13552.0,13871.182
13110.0,13366.391
12426.0,12572.773
11600.0,11849.73
11017.0,11280.5205
10645.0,10856.02
10422.0,10735.693
10379.0,10779.219
10551.0,10867.63
10865.0,11177.597
11321.0,11805.364
11789.0,12568.93
12311.0,12969.504
12734.0,13077.436
12861.0,13067.023
12837.0,12965.117
12710.0,12836.576
12503.0,12676.607
12392.0,12431.614
12394.0,12262.924
12484.0,12203.165
14263.000000000002,14368.784
13916.0,14284.703
13552.0,14113.766
13110.0,13721.703
12426.0,12926.987
11600.0,12004.348
11017.0,11436.135
10645.0,11203.084
10422.0,11062.136
10379.0,11035.652
10551.0,11125.5625
10865.0,11451.699
11321.0,12074.991
11789.0,12761.745
12311.0,13253.516
12734.0,13322.506
12861.0,13210.04
12837.0,13077.224
12710.0,12932.814
12503.0,12818.153
12392.0,12679.208
12394.0,12456.825
12484.0,12514.446
13104.0,12879.426
13916.0,14216.192
13552.0,13896.179
13110.0,13542.78
12426.0,12944.546
11600.0,12100.345
11017.0,11420.456
10645.0,11179.681
10422.0,11141.284
10379.0,11101.868
10551.0,11159.598
10865.0,11540.781
11321.0,12233.009
11789.0,12899.251
12311.0,13211.148
12734.0,13340.923
12861.0,13325.74
12837.0,13198.56
12710.0,12956.289
12503.0,12733.316
12392.0,12625.148
12394.0,12585.634
12484.0,12614.847
13104.0,13038.158
13417.0,13389.865
13552.0,13582.23
13110.0,13145.286
12426.0,12610.529
11600.0,11958.141
11017.0,11327.761
10645.0,10978.69
10422.0,10915.242
10379.0,10946.855
10551.0,11027.91
10865.0,11340.842
11321.0,11981.135
11789.0,12671.045
12311.0,13077.547
12734.0,13173.832
12861.0,13217.863
12837.0,13164.007
12710.0,13022.206
12503.0,12822.872
12392.0,12612.129
12394.0,12506.951
12484.0,12685.972
13104.0,13085.562
13417.0,13439.264
13240.0,13353.59
13110.0,13105.866
12426.0,12442.469
11600.0,11759.093
11017.0,11205.068
10645.0,10807.23
10422.0,10652.395
10379.0,10699.907
10551.0,10907.799
10865.0,11305.14
11321.0,11857.458
11789.0,12418.151
12311.0,12852.228
12734.0,13077.843
12861.0,13146.765
12837.0,13134.233
12710.0,13008.177
12503.0,12836.968
12392.0,12687.192
12394.0,12603.345
12484.0,12754.217
13104.0,13150.904
13417.0,13411.317
13240.0,13342.335
13090.0,13070.459
12426.0,12423.937
11600.0,11604.571
11017.0,10966.462
10645.0,10575.057
10422.0,10397.374
10379.0,10423.401
10551.0,10605.861
10865.0,11045.477
11321.0,11736.701
11789.0,12315.606
12311.0,12631.2
12734.0,12857.755
12861.0,12992.468
12837.0,12961.332
12710.0,12880.122
12503.0,12757.881
12392.0,12553.645
12394.0,12466.055
12484.0,12722.705
13104.0,13209.604
13417.0,13440.069
13240.0,13305.113
13090.0,13033.054
12815.0,12615.766
11600.0,11649.185
11017.0,10942.879
10645.0,10514.295
10422.0,10310.473
10379.0,10303.008
10551.0,10508.381
10865.0,10915.723
11321.0,11552.154
11789.0,12287.322
12311.0,12723.135
12734.0,12831.21
12861.0,12882.934
12837.0,12914.527
12710.0,12810.661
12503.0,12697.829
12392.0,12611.968
12394.0,12578.622
12484.0,12770.317
13104.0,13190.987
13417.0,13566.185
13240.0,13482.179
13090.0,13120.4795
12815.0,12668.174
12319.0,12028.118
11017.0,10963.286
10645.0,10567.013
10422.0,10398.742
10379.0,10332.839
10551.0,10490.316
10865.0,10963.322
11321.0,11592.3955
11789.0,12174.645
12311.0,12686.484
12734.0,12945.776
12861.0,12919.683
12837.0,12828.01
12710.0,12820.457
12503.0,12748.26
12392.0,12646.462
12394.0,12645.585
12484.0,12906.036
13104.0,13325.108
13417.0,13540.199
13240.0,13475.253
13090.0,13166.908
12815.0,12778.27
12319.0,12248.422
11861.0,11543.303
10645.0,10547.743
10422.0,10435.176
10379.0,10456.544
10551.0,10548.559
10865.0,10971.004
11321.0,11691.41
11789.0,12331.99
12311.0,12656.336
12734.0,12881.026
12861.0,12997.276
12837.0,12912.393
12710.0,12785.47
12503.0,12780.712
12392.0,12727.396
12394.0,12716.038
12484.0,12912.399
13104.0,13305.643
13417.0,13577.065
13240.0,13449.037
13090.0,13115.764
12815.0,12677.712
12319.0,12217.331
11861.0,11707.623
11491.0,11185.093
10422.0,10380.217
10379.0,10414.215
10551.0,10589.562
10865.0,10945.523
11321.0,11637.566
11789.0,12369.502
12311.0,12800.308
12734.0,12881.993
12861.0,12899.486
12837.0,12903.074
12710.0,12806.045
12503.0,12696.792
12392.0,12678.453
12394.0,12675.676
12484.0,12839.704
13104.0,13185.262
13417.0,13483.85
13240.0,13463.997
13090.0,13101.636
12815.0,12694.415
12319.0,12197.981
11861.0,11696.095
11491.0,11260.96
11259.0,10953.377
10379.0,10352.63
10551.0,10546.922
10865.0,10987.382
11321.0,11613.517
11789.0,12321.839
12311.0,12815.447
12734.0,13034.036
12861.0,12993.258
12837.0,12864.202
12710.0,12790.289
12503.0,12728.741
12392.0,12646.412
12394.0,12640.839
12484.0,12795.793
13104.0,13117.482
13417.0,13370.059
13240.0,13406.76
13090.0,13178.359
12815.0,12685.9
12319.0,12209.51
11861.0,11742.735
11491.0,11360.007
11259.0,11051.852
11119.0,10887.809
10551.0,10521.551
10865.0,10935.934
11321.0,11612.156
11789.0,12322.3125
12311.0,12821.946
12734.0,13011.629
12861.0,13079.057
12837.0,13007.397
12710.0,12824.625
12503.0,12707.764
12392.0,12696.229
12394.0,12717.8545
12484.0,12814.994
13104.0,13065.078
13417.0,13382.159
13240.0,13441.658
13090.0,13203.404
12815.0,12793.978
12319.0,12244.902
11861.0,11776.226
11491.0,11390.496
11259.0,11156.381
11119.0,11003.3
11223.0,10976.51
10865.0,11037.988
11321.0,11608.427
11789.0,12325.375
12311.0,12925.292
12734.0,13183.683
12861.0,13153.826
12837.0,13087.681
12710.0,12981.3
12503.0,12817.307
12392.0,12686.799
12394.0,12715.524
12484.0,12895.762
13104.0,13140.409
13417.0,13339.736
13240.0,13469.661
13090.0,13331.6875
12815.0,12890.701
12319.0,12323.343
11861.0,11783.091
11491.0,11436.992
11259.0,11171.21
11119.0,11040.963
11223.0,11060.136
11401.0,11242.963
11321.0,11698.727
11789.0,12307.289
12311.0,12932.464
12734.0,13373.248
12861.0,13455.507
12837.0,13299.415
12710.0,13130.468
12503.0,12981.83
12392.0,12870.357
12394.0,12784.4
12484.0,12882.883
13104.0,13167.715
13417.0,13453.543
13240.0,13490.471
13090.0,13352.771
12815.0,13006.953
12319.0,12451.673
11861.0,11848.118
11491.0,11396.493
11259.0,11215.254
11119.0,11089.134
11223.0,11066.293
11401.0,11252.637
11728.0,11609.664
11789.0,12292.552
12311.0,12765.159
12734.0,13201.193
12861.0,13503.525
12837.0,13490.595
12710.0,13289.253
12503.0,13099.331
12392.0,12962.73
12394.0,12940.766
12484.0,12962.487
13104.0,13120.167
13417.0,13363.364
13240.0,13541.712
13090.0,13399.135
12815.0,13019.105
12319.0,12486.288
11861.0,11927.092
11491.0,11461.981
11259.0,11157.525
11119.0,11096.917
11223.0,11110.796
11401.0,11223.21
11728.0,11528.951
12202.0,11998.411
12311.0,12616.514
12734.0,12885.536
12861.0,13112.411
12837.0,13292.665
12710.0,13240.311
12503.0,13048.825
12392.0,12894.692
12394.0,12832.291
12484.0,12939.819
13104.0,13083.13
13417.0,13244.141
13240.0,13360.428
13090.0,13355.304
12815.0,13004.377
12319.0,12438.504
11861.0,11844.501
11491.0,11400.842
11259.0,11147.018
11119.0,10978.73
11223.0,10994.942
11401.0,11151.616
11728.0,11405.124
12202.0,11755.445
12639.0,12217.543
